gym_id,bucket_ts,capacity_pct,is_closed,scraped_at
7pUkepD2XsWDHOO92bNyP,2026-09-24T07:15:00+08:00,38,0,2026-09-24T07:15:50+08:00
AosIo96hMLnNe4cZ5LESn,2026-09-24T07:15:00+08:00,14,0,2026-09-24T07:15:50+08:00
CdGlAWLw4cIllzFlL2be0,2026-09-24T07:15:00+08:00,20,0,2026-09-24T07:15:50+08:00
EcBGtBDRSadwhso2WV0Tk,2026-09-24T07:15:00+08:00,26,0,2026-09-24T07:15:50+08:00
FOoCS3RzGgcLYcRzdOFV1,2026-09-24T07:15:00+08:00,11,0,2026-09-24T07:15:50+08:00
FrQe2ueU3hIaPAAh8snYW,2026-09-24T07:15:00+08:00,20,0,2026-09-24T07:15:50+08:00
L6PijvT6exaVezC2I6Vvg,2026-09-24T07:15:00+08:00,18,0,2026-09-24T07:15:50+08:00
LH8LXZ2I67YVHplh5HTUG,2026-09-24T07:15:00+08:00,7,0,2026-09-24T07:15:50+08:00
NxxWCKb2ITT7AZNRJr62i,2026-09-24T07:15:00+08:00,23,0,2026-09-24T07:15:50+08:00
O0tD3rcKdjI7dYB4ynfr9,2026-09-24T07:15:00+08:00,15,0,2026-09-24T07:15:50+08:00
O8i7stfNTU2DydWZdkUIo,2026-09-24T07:15:00+08:00,16,0,2026-09-24T07:15:50+08:00
RF0gfHIWDuNybfYfPOZgU,2026-09-24T07:15:00+08:00,29,0,2026-09-24T07:15:50+08:00
TAmdBcFXigZ5kPnh97Qju,2026-09-24T07:15:00+08:00,20,0,2026-09-24T07:15:50+08:00
Vg6a1NAMJ9yjL5wmJ4ZnS,2026-09-24T07:15:00+08:00,47,0,2026-09-24T07:15:50+08:00
XE4W6nShDirkLifR7aY2H,2026-09-24T07:15:00+08:00,18,0,2026-09-24T07:15:50+08:00
XcptrxSXxwEMzzOdhC4e8,2026-09-24T07:15:00+08:00,15,0,2026-09-24T07:15:50+08:00
gWsom5XND7y31xUHffKIx,2026-09-24T07:15:00+08:00,13,0,2026-09-24T07:15:50+08:00
hU7dxBlZvxIP6xF1sBF4g,2026-09-24T07:15:00+08:00,23,0,2026-09-24T07:15:50+08:00
jURxKTJdKAknCAn3BdZBu,2026-09-24T07:15:00+08:00,11,0,2026-09-24T07:15:50+08:00
kWpNPgv8vJ7oY5hM0EGBj,2026-09-24T07:15:00+08:00,25,0,2026-09-24T07:15:50+08:00
kvKdTkljhfoINMtsxkLwR,2026-09-24T07:15:00+08:00,15,0,2026-09-24T07:15:50+08:00
lGqA6LMJhSPHrUSA9gCBW,2026-09-24T07:15:00+08:00,15,0,2026-09-24T07:15:50+08:00
mTU4h0cnQo7ZfHBye4laR,2026-09-24T07:15:00+08:00,26,0,2026-09-24T07:15:50+08:00
oGyEo8DlMkhqGwHAHyrX2,2026-09-24T07:15:00+08:00,25,0,2026-09-24T07:15:50+08:00
qBwKt6mp7ouMiEuoQHyrX,2026-09-24T07:15:00+08:00,21,0,2026-09-24T07:15:50+08:00
rSfmQ2HygLUCIJZ4YBXhZ,2026-09-24T07:15:00+08:00,22,0,2026-09-24T07:15:50+08:00
sm9l6v5egLq8LmDAxaD35,2026-09-24T07:15:00+08:00,18,0,2026-09-24T07:15:50+08:00
vmM6pa4n1ZoW3cjsr2i8t,2026-09-24T07:15:00+08:00,8,0,2026-09-24T07:15:50+08:00
yI42qVqT0Klxyp97GlSFv,2026-09-24T07:15:00+08:00,33,0,2026-09-24T07:15:50+08:00
zz7zliifcVF7RjIBrHrWW,2026-09-24T07:15:00+08:00,23,0,2026-09-24T07:15:50+08:00
7pUkepD2XsWDHOO92bNyP,2026-09-24T07:30:00+08:00,52,0,2026-09-24T07:36:23+08:00
AosIo96hMLnNe4cZ5LESn,2026-09-24T07:30:00+08:00,22,0,2026-09-24T07:36:23+08:00
CdGlAWLw4cIllzFlL2be0,2026-09-24T07:30:00+08:00,28,0,2026-09-24T07:36:23+08:00
EcBGtBDRSadwhso2WV0Tk,2026-09-24T07:30:00+08:00,26,0,2026-09-24T07:36:23+08:00
FOoCS3RzGgcLYcRzdOFV1,2026-09-24T07:30:00+08:00,17,0,2026-09-24T07:36:23+08:00
FrQe2ueU3hIaPAAh8snYW,2026-09-24T07:30:00+08:00,34,0,2026-09-24T07:36:23+08:00
L6PijvT6exaVezC2I6Vvg,2026-09-24T07:30:00+08:00,28,0,2026-09-24T07:36:23+08:00
LH8LXZ2I67YVHplh5HTUG,2026-09-24T07:30:00+08:00,9,0,2026-09-24T07:36:23+08:00
NxxWCKb2ITT7AZNRJr62i,2026-09-24T07:30:00+08:00,45,0,2026-09-24T07:36:23+08:00
O0tD3rcKdjI7dYB4ynfr9,2026-09-24T07:30:00+08:00,23,0,2026-09-24T07:36:23+08:00
O8i7stfNTU2DydWZdkUIo,2026-09-24T07:30:00+08:00,24,0,2026-09-24T07:36:23+08:00
RF0gfHIWDuNybfYfPOZgU,2026-09-24T07:30:00+08:00,49,0,2026-09-24T07:36:23+08:00
TAmdBcFXigZ5kPnh97Qju,2026-09-24T07:30:00+08:00,29,0,2026-09-24T07:36:23+08:00
Vg6a1NAMJ9yjL5wmJ4ZnS,2026-09-24T07:30:00+08:00,47,0,2026-09-24T07:36:23+08:00
XE4W6nShDirkLifR7aY2H,2026-09-24T07:30:00+08:00,24,0,2026-09-24T07:36:23+08:00
XcptrxSXxwEMzzOdhC4e8,2026-09-24T07:30:00+08:00,27,0,2026-09-24T07:36:23+08:00
gWsom5XND7y31xUHffKIx,2026-09-24T07:30:00+08:00,19,0,2026-09-24T07:36:23+08:00
hU7dxBlZvxIP6xF1sBF4g,2026-09-24T07:30:00+08:00,39,0,2026-09-24T07:36:23+08:00
jURxKTJdKAknCAn3BdZBu,2026-09-24T07:30:00+08:00,17,0,2026-09-24T07:36:23+08:00
kWpNPgv8vJ7oY5hM0EGBj,2026-09-24T07:30:00+08:00,32,0,2026-09-24T07:36:23+08:00
kvKdTkljhfoINMtsxkLwR,2026-09-24T07:30:00+08:00,25,0,2026-09-24T07:36:23+08:00
lGqA6LMJhSPHrUSA9gCBW,2026-09-24T07:30:00+08:00,23,0,2026-09-24T07:36:23+08:00
mTU4h0cnQo7ZfHBye4laR,2026-09-24T07:30:00+08:00,38,0,2026-09-24T07:36:23+08:00
oGyEo8DlMkhqGwHAHyrX2,2026-09-24T07:30:00+08:00,36,0,2026-09-24T07:36:23+08:00
qBwKt6mp7ouMiEuoQHyrX,2026-09-24T07:30:00+08:00,29,0,2026-09-24T07:36:23+08:00
rSfmQ2HygLUCIJZ4YBXhZ,2026-09-24T07:30:00+08:00,40,0,2026-09-24T07:36:23+08:00
sm9l6v5egLq8LmDAxaD35,2026-09-24T07:30:00+08:00,22,0,2026-09-24T07:36:23+08:00
vmM6pa4n1ZoW3cjsr2i8t,2026-09-24T07:30:00+08:00,16,0,2026-09-24T07:36:23+08:00
yI42qVqT0Klxyp97GlSFv,2026-09-24T07:30:00+08:00,35,0,2026-09-24T07:36:23+08:00
zz7zliifcVF7RjIBrHrWW,2026-09-24T07:30:00+08:00,46,0,2026-09-24T07:36:23+08:00
7pUkepD2XsWDHOO92bNyP,2026-09-24T08:00:00+08:00,49,0,2026-09-24T08:06:35+08:00
AosIo96hMLnNe4cZ5LESn,2026-09-24T08:00:00+08:00,21,0,2026-09-24T08:06:35+08:00
CdGlAWLw4cIllzFlL2be0,2026-09-24T08:00:00+08:00,32,0,2026-09-24T08:06:35+08:00
EcBGtBDRSadwhso2WV0Tk,2026-09-24T08:00:00+08:00,29,0,2026-09-24T08:06:35+08:00
FOoCS3RzGgcLYcRzdOFV1,2026-09-24T08:00:00+08:00,24,0,2026-09-24T08:06:35+08:00
FrQe2ueU3hIaPAAh8snYW,2026-09-24T08:00:00+08:00,36,0,2026-09-24T08:06:35+08:00
L6PijvT6exaVezC2I6Vvg,2026-09-24T08:00:00+08:00,33,0,2026-09-24T08:06:35+08:00
LH8LXZ2I67YVHplh5HTUG,2026-09-24T08:00:00+08:00,12,0,2026-09-24T08:06:35+08:00
NxxWCKb2ITT7AZNRJr62i,2026-09-24T08:00:00+08:00,52,0,2026-09-24T08:06:35+08:00
O0tD3rcKdjI7dYB4ynfr9,2026-09-24T08:00:00+08:00,37,0,2026-09-24T08:06:35+08:00
O8i7stfNTU2DydWZdkUIo,2026-09-24T08:00:00+08:00,27,0,2026-09-24T08:06:35+08:00
RF0gfHIWDuNybfYfPOZgU,2026-09-24T08:00:00+08:00,39,0,2026-09-24T08:06:35+08:00
TAmdBcFXigZ5kPnh97Qju,2026-09-24T08:00:00+08:00,34,0,2026-09-24T08:06:35+08:00
Vg6a1NAMJ9yjL5wmJ4ZnS,2026-09-24T08:00:00+08:00,53,0,2026-09-24T08:06:35+08:00
XE4W6nShDirkLifR7aY2H,2026-09-24T08:00:00+08:00,27,0,2026-09-24T08:06:35+08:00
XcptrxSXxwEMzzOdhC4e8,2026-09-24T08:00:00+08:00,34,0,2026-09-24T08:06:35+08:00
gWsom5XND7y31xUHffKIx,2026-09-24T08:00:00+08:00,21,0,2026-09-24T08:06:35+08:00
hU7dxBlZvxIP6xF1sBF4g,2026-09-24T08:00:00+08:00,39,0,2026-09-24T08:06:35+08:00
jURxKTJdKAknCAn3BdZBu,2026-09-24T08:00:00+08:00,15,0,2026-09-24T08:06:35+08:00
kWpNPgv8vJ7oY5hM0EGBj,2026-09-24T08:00:00+08:00,28,0,2026-09-24T08:06:35+08:00
kvKdTkljhfoINMtsxkLwR,2026-09-24T08:00:00+08:00,32,0,2026-09-24T08:06:35+08:00
lGqA6LMJhSPHrUSA9gCBW,2026-09-24T08:00:00+08:00,30,0,2026-09-24T08:06:35+08:00
mTU4h0cnQo7ZfHBye4laR,2026-09-24T08:00:00+08:00,36,0,2026-09-24T08:06:35+08:00
oGyEo8DlMkhqGwHAHyrX2,2026-09-24T08:00:00+08:00,49,0,2026-09-24T08:06:35+08:00
qBwKt6mp7ouMiEuoQHyrX,2026-09-24T08:00:00+08:00,39,0,2026-09-24T08:06:35+08:00
rSfmQ2HygLUCIJZ4YBXhZ,2026-09-24T08:00:00+08:00,53,0,2026-09-24T08:06:35+08:00
sm9l6v5egLq8LmDAxaD35,2026-09-24T08:00:00+08:00,28,0,2026-09-24T08:06:35+08:00
vmM6pa4n1ZoW3cjsr2i8t,2026-09-24T08:00:00+08:00,19,0,2026-09-24T08:06:35+08:00
yI42qVqT0Klxyp97GlSFv,2026-09-24T08:00:00+08:00,30,0,2026-09-24T08:06:35+08:00
zz7zliifcVF7RjIBrHrWW,2026-09-24T08:00:00+08:00,57,0,2026-09-24T08:06:35+08:00
7pUkepD2XsWDHOO92bNyP,2026-09-24T08:30:00+08:00,52,0,2026-09-24T08:31:54+08:00
AosIo96hMLnNe4cZ5LESn,2026-09-24T08:30:00+08:00,21,0,2026-09-24T08:31:54+08:00
CdGlAWLw4cIllzFlL2be0,2026-09-24T08:30:00+08:00,31,0,2026-09-24T08:31:54+08:00
EcBGtBDRSadwhso2WV0Tk,2026-09-24T08:30:00+08:00,33,0,2026-09-24T08:31:54+08:00
FOoCS3RzGgcLYcRzdOFV1,2026-09-24T08:30:00+08:00,26,0,2026-09-24T08:31:54+08:00
FrQe2ueU3hIaPAAh8snYW,2026-09-24T08:30:00+08:00,34,0,2026-09-24T08:31:54+08:00
L6PijvT6exaVezC2I6Vvg,2026-09-24T08:30:00+08:00,26,0,2026-09-24T08:31:54+08:00
LH8LXZ2I67YVHplh5HTUG,2026-09-24T08:30:00+08:00,15,0,2026-09-24T08:31:54+08:00
NxxWCKb2ITT7AZNRJr62i,2026-09-24T08:30:00+08:00,35,0,2026-09-24T08:31:54+08:00
O0tD3rcKdjI7dYB4ynfr9,2026-09-24T08:30:00+08:00,45,0,2026-09-24T08:31:54+08:00
O8i7stfNTU2DydWZdkUIo,2026-09-24T08:30:00+08:00,24,0,2026-09-24T08:31:54+08:00
RF0gfHIWDuNybfYfPOZgU,2026-09-24T08:30:00+08:00,42,0,2026-09-24T08:31:54+08:00
TAmdBcFXigZ5kPnh97Qju,2026-09-24T08:30:00+08:00,30,0,2026-09-24T08:31:54+08:00
Vg6a1NAMJ9yjL5wmJ4ZnS,2026-09-24T08:30:00+08:00,50,0,2026-09-24T08:31:54+08:00
XE4W6nShDirkLifR7aY2H,2026-09-24T08:30:00+08:00,13,0,2026-09-24T08:31:54+08:00
XcptrxSXxwEMzzOdhC4e8,2026-09-24T08:30:00+08:00,32,0,2026-09-24T08:31:54+08:00
gWsom5XND7y31xUHffKIx,2026-09-24T08:30:00+08:00,27,0,2026-09-24T08:31:54+08:00
hU7dxBlZvxIP6xF1sBF4g,2026-09-24T08:30:00+08:00,40,0,2026-09-24T08:31:54+08:00
jURxKTJdKAknCAn3BdZBu,2026-09-24T08:30:00+08:00,14,0,2026-09-24T08:31:54+08:00
kWpNPgv8vJ7oY5hM0EGBj,2026-09-24T08:30:00+08:00,30,0,2026-09-24T08:31:54+08:00
kvKdTkljhfoINMtsxkLwR,2026-09-24T08:30:00+08:00,34,0,2026-09-24T08:31:54+08:00
lGqA6LMJhSPHrUSA9gCBW,2026-09-24T08:30:00+08:00,34,0,2026-09-24T08:31:54+08:00
mTU4h0cnQo7ZfHBye4laR,2026-09-24T08:30:00+08:00,30,0,2026-09-24T08:31:54+08:00
oGyEo8DlMkhqGwHAHyrX2,2026-09-24T08:30:00+08:00,50,0,2026-09-24T08:31:54+08:00
qBwKt6mp7ouMiEuoQHyrX,2026-09-24T08:30:00+08:00,41,0,2026-09-24T08:31:54+08:00
rSfmQ2HygLUCIJZ4YBXhZ,2026-09-24T08:30:00+08:00,51,0,2026-09-24T08:31:54+08:00
sm9l6v5egLq8LmDAxaD35,2026-09-24T08:30:00+08:00,29,0,2026-09-24T08:31:54+08:00
vmM6pa4n1ZoW3cjsr2i8t,2026-09-24T08:30:00+08:00,17,0,2026-09-24T08:31:54+08:00
yI42qVqT0Klxyp97GlSFv,2026-09-24T08:30:00+08:00,40,0,2026-09-24T08:31:54+08:00
zz7zliifcVF7RjIBrHrWW,2026-09-24T08:30:00+08:00,55,0,2026-09-24T08:31:54+08:00
7pUkepD2XsWDHOO92bNyP,2026-09-24T08:45:00+08:00,52,0,2026-09-24T08:56:06+08:00
AosIo96hMLnNe4cZ5LESn,2026-09-24T08:45:00+08:00,23,0,2026-09-24T08:56:06+08:00
CdGlAWLw4cIllzFlL2be0,2026-09-24T08:45:00+08:00,35,0,2026-09-24T08:56:06+08:00
EcBGtBDRSadwhso2WV0Tk,2026-09-24T08:45:00+08:00,34,0,2026-09-24T08:56:06+08:00
FOoCS3RzGgcLYcRzdOFV1,2026-09-24T08:45:00+08:00,29,0,2026-09-24T08:56:06+08:00
FrQe2ueU3hIaPAAh8snYW,2026-09-24T08:45:00+08:00,41,0,2026-09-24T08:56:06+08:00
L6PijvT6exaVezC2I6Vvg,2026-09-24T08:45:00+08:00,28,0,2026-09-24T08:56:06+08:00
LH8LXZ2I67YVHplh5HTUG,2026-09-24T08:45:00+08:00,19,0,2026-09-24T08:56:06+08:00
NxxWCKb2ITT7AZNRJr62i,2026-09-24T08:45:00+08:00,32,0,2026-09-24T08:56:06+08:00
O0tD3rcKdjI7dYB4ynfr9,2026-09-24T08:45:00+08:00,33,0,2026-09-24T08:56:06+08:00
O8i7stfNTU2DydWZdkUIo,2026-09-24T08:45:00+08:00,26,0,2026-09-24T08:56:06+08:00
RF0gfHIWDuNybfYfPOZgU,2026-09-24T08:45:00+08:00,41,0,2026-09-24T08:56:06+08:00
TAmdBcFXigZ5kPnh97Qju,2026-09-24T08:45:00+08:00,25,0,2026-09-24T08:56:06+08:00
Vg6a1NAMJ9yjL5wmJ4ZnS,2026-09-24T08:45:00+08:00,50,0,2026-09-24T08:56:06+08:00
XE4W6nShDirkLifR7aY2H,2026-09-24T08:45:00+08:00,16,0,2026-09-24T08:56:06+08:00
XcptrxSXxwEMzzOdhC4e8,2026-09-24T08:45:00+08:00,30,0,2026-09-24T08:56:06+08:00
gWsom5XND7y31xUHffKIx,2026-09-24T08:45:00+08:00,28,0,2026-09-24T08:56:06+08:00
hU7dxBlZvxIP6xF1sBF4g,2026-09-24T08:45:00+08:00,38,0,2026-09-24T08:56:06+08:00
jURxKTJdKAknCAn3BdZBu,2026-09-24T08:45:00+08:00,16,0,2026-09-24T08:56:06+08:00
kWpNPgv8vJ7oY5hM0EGBj,2026-09-24T08:45:00+08:00,34,0,2026-09-24T08:56:06+08:00
kvKdTkljhfoINMtsxkLwR,2026-09-24T08:45:00+08:00,32,0,2026-09-24T08:56:06+08:00
lGqA6LMJhSPHrUSA9gCBW,2026-09-24T08:45:00+08:00,34,0,2026-09-24T08:56:06+08:00
mTU4h0cnQo7ZfHBye4laR,2026-09-24T08:45:00+08:00,29,0,2026-09-24T08:56:06+08:00
oGyEo8DlMkhqGwHAHyrX2,2026-09-24T08:45:00+08:00,53,0,2026-09-24T08:56:06+08:00
qBwKt6mp7ouMiEuoQHyrX,2026-09-24T08:45:00+08:00,35,0,2026-09-24T08:56:06+08:00
rSfmQ2HygLUCIJZ4YBXhZ,2026-09-24T08:45:00+08:00,53,0,2026-09-24T08:56:06+08:00
sm9l6v5egLq8LmDAxaD35,2026-09-24T08:45:00+08:00,32,0,2026-09-24T08:56:06+08:00
vmM6pa4n1ZoW3cjsr2i8t,2026-09-24T08:45:00+08:00,19,0,2026-09-24T08:56:06+08:00
yI42qVqT0Klxyp97GlSFv,2026-09-24T08:45:00+08:00,55,0,2026-09-24T08:56:06+08:00
zz7zliifcVF7RjIBrHrWW,2026-09-24T08:45:00+08:00,55,0,2026-09-24T08:56:06+08:00
7pUkepD2XsWDHOO92bNyP,2026-09-24T09:15:00+08:00,58,0,2026-09-24T09:16:34+08:00
AosIo96hMLnNe4cZ5LESn,2026-09-24T09:15:00+08:00,27,0,2026-09-24T09:16:34+08:00
CdGlAWLw4cIllzFlL2be0,2026-09-24T09:15:00+08:00,43,0,2026-09-24T09:16:34+08:00
EcBGtBDRSadwhso2WV0Tk,2026-09-24T09:15:00+08:00,39,0,2026-09-24T09:16:34+08:00
FOoCS3RzGgcLYcRzdOFV1,2026-09-24T09:15:00+08:00,29,0,2026-09-24T09:16:34+08:00
FrQe2ueU3hIaPAAh8snYW,2026-09-24T09:15:00+08:00,44,0,2026-09-24T09:16:34+08:00
L6PijvT6exaVezC2I6Vvg,2026-09-24T09:15:00+08:00,31,0,2026-09-24T09:16:34+08:00
LH8LXZ2I67YVHplh5HTUG,2026-09-24T09:15:00+08:00,18,0,2026-09-24T09:16:34+08:00
NxxWCKb2ITT7AZNRJr62i,2026-09-24T09:15:00+08:00,32,0,2026-09-24T09:16:34+08:00
O0tD3rcKdjI7dYB4ynfr9,2026-09-24T09:15:00+08:00,42,0,2026-09-24T09:16:34+08:00
O8i7stfNTU2DydWZdkUIo,2026-09-24T09:15:00+08:00,25,0,2026-09-24T09:16:34+08:00
RF0gfHIWDuNybfYfPOZgU,2026-09-24T09:15:00+08:00,44,0,2026-09-24T09:16:34+08:00
TAmdBcFXigZ5kPnh97Qju,2026-09-24T09:15:00+08:00,24,0,2026-09-24T09:16:34+08:00
Vg6a1NAMJ9yjL5wmJ4ZnS,2026-09-24T09:15:00+08:00,43,0,2026-09-24T09:16:34+08:00
XE4W6nShDirkLifR7aY2H,2026-09-24T09:15:00+08:00,22,0,2026-09-24T09:16:34+08:00
XcptrxSXxwEMzzOdhC4e8,2026-09-24T09:15:00+08:00,32,0,2026-09-24T09:16:34+08:00
gWsom5XND7y31xUHffKIx,2026-09-24T09:15:00+08:00,23,0,2026-09-24T09:16:34+08:00
hU7dxBlZvxIP6xF1sBF4g,2026-09-24T09:15:00+08:00,39,0,2026-09-24T09:16:34+08:00
jURxKTJdKAknCAn3BdZBu,2026-09-24T09:15:00+08:00,16,0,2026-09-24T09:16:34+08:00
kWpNPgv8vJ7oY5hM0EGBj,2026-09-24T09:15:00+08:00,35,0,2026-09-24T09:16:34+08:00
kvKdTkljhfoINMtsxkLwR,2026-09-24T09:15:00+08:00,37,0,2026-09-24T09:16:34+08:00
lGqA6LMJhSPHrUSA9gCBW,2026-09-24T09:15:00+08:00,34,0,2026-09-24T09:16:34+08:00
mTU4h0cnQo7ZfHBye4laR,2026-09-24T09:15:00+08:00,38,0,2026-09-24T09:16:34+08:00
oGyEo8DlMkhqGwHAHyrX2,2026-09-24T09:15:00+08:00,52,0,2026-09-24T09:16:34+08:00
qBwKt6mp7ouMiEuoQHyrX,2026-09-24T09:15:00+08:00,35,0,2026-09-24T09:16:34+08:00
rSfmQ2HygLUCIJZ4YBXhZ,2026-09-24T09:15:00+08:00,50,0,2026-09-24T09:16:34+08:00
sm9l6v5egLq8LmDAxaD35,2026-09-24T09:15:00+08:00,26,0,2026-09-24T09:16:34+08:00
vmM6pa4n1ZoW3cjsr2i8t,2026-09-24T09:15:00+08:00,19,0,2026-09-24T09:16:34+08:00
yI42qVqT0Klxyp97GlSFv,2026-09-24T09:15:00+08:00,65,0,2026-09-24T09:16:34+08:00
zz7zliifcVF7RjIBrHrWW,2026-09-24T09:15:00+08:00,49,0,2026-09-24T09:16:34+08:00
7pUkepD2XsWDHOO92bNyP,2026-09-24T09:30:00+08:00,54,0,2026-09-24T09:31:30+08:00
AosIo96hMLnNe4cZ5LESn,2026-09-24T09:30:00+08:00,31,0,2026-09-24T09:31:30+08:00
CdGlAWLw4cIllzFlL2be0,2026-09-24T09:30:00+08:00,44,0,2026-09-24T09:31:30+08:00
EcBGtBDRSadwhso2WV0Tk,2026-09-24T09:30:00+08:00,37,0,2026-09-24T09:31:30+08:00
FOoCS3RzGgcLYcRzdOFV1,2026-09-24T09:30:00+08:00,26,0,2026-09-24T09:31:30+08:00
FrQe2ueU3hIaPAAh8snYW,2026-09-24T09:30:00+08:00,45,0,2026-09-24T09:31:30+08:00
L6PijvT6exaVezC2I6Vvg,2026-09-24T09:30:00+08:00,30,0,2026-09-24T09:31:30+08:00
LH8LXZ2I67YVHplh5HTUG,2026-09-24T09:30:00+08:00,19,0,2026-09-24T09:31:30+08:00
NxxWCKb2ITT7AZNRJr62i,2026-09-24T09:30:00+08:00,37,0,2026-09-24T09:31:30+08:00
O0tD3rcKdjI7dYB4ynfr9,2026-09-24T09:30:00+08:00,37,0,2026-09-24T09:31:30+08:00
O8i7stfNTU2DydWZdkUIo,2026-09-24T09:30:00+08:00,26,0,2026-09-24T09:31:30+08:00
RF0gfHIWDuNybfYfPOZgU,2026-09-24T09:30:00+08:00,48,0,2026-09-24T09:31:30+08:00
TAmdBcFXigZ5kPnh97Qju,2026-09-24T09:30:00+08:00,24,0,2026-09-24T09:31:30+08:00
Vg6a1NAMJ9yjL5wmJ4ZnS,2026-09-24T09:30:00+08:00,43,0,2026-09-24T09:31:30+08:00
XE4W6nShDirkLifR7aY2H,2026-09-24T09:30:00+08:00,24,0,2026-09-24T09:31:30+08:00
XcptrxSXxwEMzzOdhC4e8,2026-09-24T09:30:00+08:00,33,0,2026-09-24T09:31:30+08:00
gWsom5XND7y31xUHffKIx,2026-09-24T09:30:00+08:00,29,0,2026-09-24T09:31:30+08:00
hU7dxBlZvxIP6xF1sBF4g,2026-09-24T09:30:00+08:00,37,0,2026-09-24T09:31:30+08:00
jURxKTJdKAknCAn3BdZBu,2026-09-24T09:30:00+08:00,16,0,2026-09-24T09:31:30+08:00
kWpNPgv8vJ7oY5hM0EGBj,2026-09-24T09:30:00+08:00,38,0,2026-09-24T09:31:30+08:00
kvKdTkljhfoINMtsxkLwR,2026-09-24T09:30:00+08:00,36,0,2026-09-24T09:31:30+08:00
lGqA6LMJhSPHrUSA9gCBW,2026-09-24T09:30:00+08:00,34,0,2026-09-24T09:31:30+08:00
mTU4h0cnQo7ZfHBye4laR,2026-09-24T09:30:00+08:00,40,0,2026-09-24T09:31:30+08:00
oGyEo8DlMkhqGwHAHyrX2,2026-09-24T09:30:00+08:00,46,0,2026-09-24T09:31:30+08:00
qBwKt6mp7ouMiEuoQHyrX,2026-09-24T09:30:00+08:00,36,0,2026-09-24T09:31:30+08:00
rSfmQ2HygLUCIJZ4YBXhZ,2026-09-24T09:30:00+08:00,50,0,2026-09-24T09:31:30+08:00
sm9l6v5egLq8LmDAxaD35,2026-09-24T09:30:00+08:00,30,0,2026-09-24T09:31:30+08:00
vmM6pa4n1ZoW3cjsr2i8t,2026-09-24T09:30:00+08:00,21,0,2026-09-24T09:31:30+08:00
yI42qVqT0Klxyp97GlSFv,2026-09-24T09:30:00+08:00,68,0,2026-09-24T09:31:30+08:00
zz7zliifcVF7RjIBrHrWW,2026-09-24T09:30:00+08:00,51,0,2026-09-24T09:31:30+08:00
7pUkepD2XsWDHOO92bNyP,2026-09-24T09:45:00+08:00,60,0,2026-09-24T09:59:40+08:00
AosIo96hMLnNe4cZ5LESn,2026-09-24T09:45:00+08:00,28,0,2026-09-24T09:59:40+08:00
CdGlAWLw4cIllzFlL2be0,2026-09-24T09:45:00+08:00,47,0,2026-09-24T09:59:40+08:00
EcBGtBDRSadwhso2WV0Tk,2026-09-24T09:45:00+08:00,44,0,2026-09-24T09:59:40+08:00
FOoCS3RzGgcLYcRzdOFV1,2026-09-24T09:45:00+08:00,25,0,2026-09-24T09:59:40+08:00
FrQe2ueU3hIaPAAh8snYW,2026-09-24T09:45:00+08:00,48,0,2026-09-24T09:59:40+08:00
L6PijvT6exaVezC2I6Vvg,2026-09-24T09:45:00+08:00,36,0,2026-09-24T09:59:40+08:00
LH8LXZ2I67YVHplh5HTUG,2026-09-24T09:45:00+08:00,17,0,2026-09-24T09:59:40+08:00
NxxWCKb2ITT7AZNRJr62i,2026-09-24T09:45:00+08:00,47,0,2026-09-24T09:59:40+08:00
O0tD3rcKdjI7dYB4ynfr9,2026-09-24T09:45:00+08:00,45,0,2026-09-24T09:59:40+08:00
O8i7stfNTU2DydWZdkUIo,2026-09-24T09:45:00+08:00,33,0,2026-09-24T09:59:40+08:00
RF0gfHIWDuNybfYfPOZgU,2026-09-24T09:45:00+08:00,64,0,2026-09-24T09:59:40+08:00
TAmdBcFXigZ5kPnh97Qju,2026-09-24T09:45:00+08:00,25,0,2026-09-24T09:59:40+08:00
Vg6a1NAMJ9yjL5wmJ4ZnS,2026-09-24T09:45:00+08:00,43,0,2026-09-24T09:59:40+08:00
XE4W6nShDirkLifR7aY2H,2026-09-24T09:45:00+08:00,36,0,2026-09-24T09:59:40+08:00
XcptrxSXxwEMzzOdhC4e8,2026-09-24T09:45:00+08:00,35,0,2026-09-24T09:59:40+08:00
gWsom5XND7y31xUHffKIx,2026-09-24T09:45:00+08:00,23,0,2026-09-24T09:59:40+08:00
hU7dxBlZvxIP6xF1sBF4g,2026-09-24T09:45:00+08:00,42,0,2026-09-24T09:59:40+08:00
jURxKTJdKAknCAn3BdZBu,2026-09-24T09:45:00+08:00,20,0,2026-09-24T09:59:40+08:00
kWpNPgv8vJ7oY5hM0EGBj,2026-09-24T09:45:00+08:00,33,0,2026-09-24T09:59:40+08:00
kvKdTkljhfoINMtsxkLwR,2026-09-24T09:45:00+08:00,35,0,2026-09-24T09:59:40+08:00
lGqA6LMJhSPHrUSA9gCBW,2026-09-24T09:45:00+08:00,35,0,2026-09-24T09:59:40+08:00
mTU4h0cnQo7ZfHBye4laR,2026-09-24T09:45:00+08:00,42,0,2026-09-24T09:59:40+08:00
oGyEo8DlMkhqGwHAHyrX2,2026-09-24T09:45:00+08:00,54,0,2026-09-24T09:59:40+08:00
qBwKt6mp7ouMiEuoQHyrX,2026-09-24T09:45:00+08:00,42,0,2026-09-24T09:59:40+08:00
rSfmQ2HygLUCIJZ4YBXhZ,2026-09-24T09:45:00+08:00,48,0,2026-09-24T09:59:40+08:00
sm9l6v5egLq8LmDAxaD35,2026-09-24T09:45:00+08:00,33,0,2026-09-24T09:59:40+08:00
vmM6pa4n1ZoW3cjsr2i8t,2026-09-24T09:45:00+08:00,18,0,2026-09-24T09:59:40+08:00
yI42qVqT0Klxyp97GlSFv,2026-09-24T09:45:00+08:00,78,0,2026-09-24T09:59:40+08:00
zz7zliifcVF7RjIBrHrWW,2026-09-24T09:45:00+08:00,51,0,2026-09-24T09:59:40+08:00
7pUkepD2XsWDHOO92bNyP,2026-09-24T10:00:00+08:00,57,0,2026-09-24T10:14:09+08:00
AosIo96hMLnNe4cZ5LESn,2026-09-24T10:00:00+08:00,30,0,2026-09-24T10:14:09+08:00
CdGlAWLw4cIllzFlL2be0,2026-09-24T10:00:00+08:00,50,0,2026-09-24T10:14:09+08:00
EcBGtBDRSadwhso2WV0Tk,2026-09-24T10:00:00+08:00,61,0,2026-09-24T10:14:09+08:00
FOoCS3RzGgcLYcRzdOFV1,2026-09-24T10:00:00+08:00,26,0,2026-09-24T10:14:09+08:00
FrQe2ueU3hIaPAAh8snYW,2026-09-24T10:00:00+08:00,43,0,2026-09-24T10:14:09+08:00
L6PijvT6exaVezC2I6Vvg,2026-09-24T10:00:00+08:00,40,0,2026-09-24T10:14:09+08:00
LH8LXZ2I67YVHplh5HTUG,2026-09-24T10:00:00+08:00,19,0,2026-09-24T10:14:09+08:00
NxxWCKb2ITT7AZNRJr62i,2026-09-24T10:00:00+08:00,55,0,2026-09-24T10:14:09+08:00
O0tD3rcKdjI7dYB4ynfr9,2026-09-24T10:00:00+08:00,42,0,2026-09-24T10:14:09+08:00
O8i7stfNTU2DydWZdkUIo,2026-09-24T10:00:00+08:00,33,0,2026-09-24T10:14:09+08:00
RF0gfHIWDuNybfYfPOZgU,2026-09-24T10:00:00+08:00,64,0,2026-09-24T10:14:09+08:00
TAmdBcFXigZ5kPnh97Qju,2026-09-24T10:00:00+08:00,31,0,2026-09-24T10:14:09+08:00
Vg6a1NAMJ9yjL5wmJ4ZnS,2026-09-24T10:00:00+08:00,50,0,2026-09-24T10:14:09+08:00
XE4W6nShDirkLifR7aY2H,2026-09-24T10:00:00+08:00,44,0,2026-09-24T10:14:09+08:00
XcptrxSXxwEMzzOdhC4e8,2026-09-24T10:00:00+08:00,34,0,2026-09-24T10:14:09+08:00
gWsom5XND7y31xUHffKIx,2026-09-24T10:00:00+08:00,23,0,2026-09-24T10:14:09+08:00
hU7dxBlZvxIP6xF1sBF4g,2026-09-24T10:00:00+08:00,44,0,2026-09-24T10:14:09+08:00
jURxKTJdKAknCAn3BdZBu,2026-09-24T10:00:00+08:00,21,0,2026-09-24T10:14:09+08:00
kWpNPgv8vJ7oY5hM0EGBj,2026-09-24T10:00:00+08:00,34,0,2026-09-24T10:14:09+08:00
kvKdTkljhfoINMtsxkLwR,2026-09-24T10:00:00+08:00,40,0,2026-09-24T10:14:09+08:00
lGqA6LMJhSPHrUSA9gCBW,2026-09-24T10:00:00+08:00,44,0,2026-09-24T10:14:09+08:00
mTU4h0cnQo7ZfHBye4laR,2026-09-24T10:00:00+08:00,48,0,2026-09-24T10:14:09+08:00
oGyEo8DlMkhqGwHAHyrX2,2026-09-24T10:00:00+08:00,56,0,2026-09-24T10:14:09+08:00
qBwKt6mp7ouMiEuoQHyrX,2026-09-24T10:00:00+08:00,44,0,2026-09-24T10:14:09+08:00
rSfmQ2HygLUCIJZ4YBXhZ,2026-09-24T10:00:00+08:00,50,0,2026-09-24T10:14:09+08:00
sm9l6v5egLq8LmDAxaD35,2026-09-24T10:00:00+08:00,33,0,2026-09-24T10:14:09+08:00
vmM6pa4n1ZoW3cjsr2i8t,2026-09-24T10:00:00+08:00,20,0,2026-09-24T10:14:09+08:00
yI42qVqT0Klxyp97GlSFv,2026-09-24T10:00:00+08:00,70,0,2026-09-24T10:14:09+08:00
zz7zliifcVF7RjIBrHrWW,2026-09-24T10:00:00+08:00,51,0,2026-09-24T10:14:09+08:00
7pUkepD2XsWDHOO92bNyP,2026-09-24T10:15:00+08:00,48,0,2026-09-24T10:27:17+08:00
AosIo96hMLnNe4cZ5LESn,2026-09-24T10:15:00+08:00,27,0,2026-09-24T10:27:17+08:00
CdGlAWLw4cIllzFlL2be0,2026-09-24T10:15:00+08:00,50,0,2026-09-24T10:27:17+08:00
EcBGtBDRSadwhso2WV0Tk,2026-09-24T10:15:00+08:00,64,0,2026-09-24T10:27:17+08:00
FOoCS3RzGgcLYcRzdOFV1,2026-09-24T10:15:00+08:00,23,0,2026-09-24T10:27:17+08:00
FrQe2ueU3hIaPAAh8snYW,2026-09-24T10:15:00+08:00,46,0,2026-09-24T10:27:17+08:00
L6PijvT6exaVezC2I6Vvg,2026-09-24T10:15:00+08:00,39,0,2026-09-24T10:27:17+08:00
LH8LXZ2I67YVHplh5HTUG,2026-09-24T10:15:00+08:00,21,0,2026-09-24T10:27:17+08:00
NxxWCKb2ITT7AZNRJr62i,2026-09-24T10:15:00+08:00,50,0,2026-09-24T10:27:17+08:00
O0tD3rcKdjI7dYB4ynfr9,2026-09-24T10:15:00+08:00,55,0,2026-09-24T10:27:17+08:00
O8i7stfNTU2DydWZdkUIo,2026-09-24T10:15:00+08:00,35,0,2026-09-24T10:27:17+08:00
RF0gfHIWDuNybfYfPOZgU,2026-09-24T10:15:00+08:00,64,0,2026-09-24T10:27:17+08:00
TAmdBcFXigZ5kPnh97Qju,2026-09-24T10:15:00+08:00,32,0,2026-09-24T10:27:17+08:00
Vg6a1NAMJ9yjL5wmJ4ZnS,2026-09-24T10:15:00+08:00,50,0,2026-09-24T10:27:17+08:00
XE4W6nShDirkLifR7aY2H,2026-09-24T10:15:00+08:00,44,0,2026-09-24T10:27:17+08:00
XcptrxSXxwEMzzOdhC4e8,2026-09-24T10:15:00+08:00,34,0,2026-09-24T10:27:17+08:00
gWsom5XND7y31xUHffKIx,2026-09-24T10:15:00+08:00,23,0,2026-09-24T10:27:17+08:00
hU7dxBlZvxIP6xF1sBF4g,2026-09-24T10:15:00+08:00,46,0,2026-09-24T10:27:17+08:00
jURxKTJdKAknCAn3BdZBu,2026-09-24T10:15:00+08:00,22,0,2026-09-24T10:27:17+08:00
kWpNPgv8vJ7oY5hM0EGBj,2026-09-24T10:15:00+08:00,35,0,2026-09-24T10:27:17+08:00
kvKdTkljhfoINMtsxkLwR,2026-09-24T10:15:00+08:00,40,0,2026-09-24T10:27:17+08:00
lGqA6LMJhSPHrUSA9gCBW,2026-09-24T10:15:00+08:00,41,0,2026-09-24T10:27:17+08:00
mTU4h0cnQo7ZfHBye4laR,2026-09-24T10:15:00+08:00,53,0,2026-09-24T10:27:17+08:00
oGyEo8DlMkhqGwHAHyrX2,2026-09-24T10:15:00+08:00,62,0,2026-09-24T10:27:17+08:00
qBwKt6mp7ouMiEuoQHyrX,2026-09-24T10:15:00+08:00,45,0,2026-09-24T10:27:17+08:00
rSfmQ2HygLUCIJZ4YBXhZ,2026-09-24T10:15:00+08:00,53,0,2026-09-24T10:27:17+08:00
sm9l6v5egLq8LmDAxaD35,2026-09-24T10:15:00+08:00,31,0,2026-09-24T10:27:17+08:00
vmM6pa4n1ZoW3cjsr2i8t,2026-09-24T10:15:00+08:00,19,0,2026-09-24T10:27:17+08:00
yI42qVqT0Klxyp97GlSFv,2026-09-24T10:15:00+08:00,63,0,2026-09-24T10:27:17+08:00
zz7zliifcVF7RjIBrHrWW,2026-09-24T10:15:00+08:00,51,0,2026-09-24T10:27:17+08:00
7pUkepD2XsWDHOO92bNyP,2026-09-24T10:30:00+08:00,54,0,2026-09-24T10:37:42+08:00
AosIo96hMLnNe4cZ5LESn,2026-09-24T10:30:00+08:00,30,0,2026-09-24T10:37:42+08:00
CdGlAWLw4cIllzFlL2be0,2026-09-24T10:30:00+08:00,54,0,2026-09-24T10:37:42+08:00
EcBGtBDRSadwhso2WV0Tk,2026-09-24T10:30:00+08:00,60,0,2026-09-24T10:37:42+08:00
FOoCS3RzGgcLYcRzdOFV1,2026-09-24T10:30:00+08:00,25,0,2026-09-24T10:37:42+08:00
FrQe2ueU3hIaPAAh8snYW,2026-09-24T10:30:00+08:00,45,0,2026-09-24T10:37:42+08:00
L6PijvT6exaVezC2I6Vvg,2026-09-24T10:30:00+08:00,40,0,2026-09-24T10:37:42+08:00
LH8LXZ2I67YVHplh5HTUG,2026-09-24T10:30:00+08:00,23,0,2026-09-24T10:37:42+08:00
NxxWCKb2ITT7AZNRJr62i,2026-09-24T10:30:00+08:00,47,0,2026-09-24T10:37:42+08:00
O0tD3rcKdjI7dYB4ynfr9,2026-09-24T10:30:00+08:00,48,0,2026-09-24T10:37:42+08:00
O8i7stfNTU2DydWZdkUIo,2026-09-24T10:30:00+08:00,38,0,2026-09-24T10:37:42+08:00
RF0gfHIWDuNybfYfPOZgU,2026-09-24T10:30:00+08:00,67,0,2026-09-24T10:37:42+08:00
TAmdBcFXigZ5kPnh97Qju,2026-09-24T10:30:00+08:00,30,0,2026-09-24T10:37:42+08:00
Vg6a1NAMJ9yjL5wmJ4ZnS,2026-09-24T10:30:00+08:00,50,0,2026-09-24T10:37:42+08:00
XE4W6nShDirkLifR7aY2H,2026-09-24T10:30:00+08:00,49,0,2026-09-24T10:37:42+08:00
XcptrxSXxwEMzzOdhC4e8,2026-09-24T10:30:00+08:00,35,0,2026-09-24T10:37:42+08:00
gWsom5XND7y31xUHffKIx,2026-09-24T10:30:00+08:00,23,0,2026-09-24T10:37:42+08:00
hU7dxBlZvxIP6xF1sBF4g,2026-09-24T10:30:00+08:00,43,0,2026-09-24T10:37:42+08:00
jURxKTJdKAknCAn3BdZBu,2026-09-24T10:30:00+08:00,20,0,2026-09-24T10:37:42+08:00
kWpNPgv8vJ7oY5hM0EGBj,2026-09-24T10:30:00+08:00,33,0,2026-09-24T10:37:42+08:00
kvKdTkljhfoINMtsxkLwR,2026-09-24T10:30:00+08:00,40,0,2026-09-24T10:37:42+08:00
lGqA6LMJhSPHrUSA9gCBW,2026-09-24T10:30:00+08:00,39,0,2026-09-24T10:37:42+08:00
mTU4h0cnQo7ZfHBye4laR,2026-09-24T10:30:00+08:00,48,0,2026-09-24T10:37:42+08:00
oGyEo8DlMkhqGwHAHyrX2,2026-09-24T10:30:00+08:00,58,0,2026-09-24T10:37:42+08:00
qBwKt6mp7ouMiEuoQHyrX,2026-09-24T10:30:00+08:00,43,0,2026-09-24T10:37:42+08:00
rSfmQ2HygLUCIJZ4YBXhZ,2026-09-24T10:30:00+08:00,47,0,2026-09-24T10:37:42+08:00
sm9l6v5egLq8LmDAxaD35,2026-09-24T10:30:00+08:00,31,0,2026-09-24T10:37:42+08:00
vmM6pa4n1ZoW3cjsr2i8t,2026-09-24T10:30:00+08:00,20,0,2026-09-24T10:37:42+08:00
yI42qVqT0Klxyp97GlSFv,2026-09-24T10:30:00+08:00,60,0,2026-09-24T10:37:42+08:00
zz7zliifcVF7RjIBrHrWW,2026-09-24T10:30:00+08:00,51,0,2026-09-24T10:37:42+08:00
7pUkepD2XsWDHOO92bNyP,2026-09-24T11:00:00+08:00,49,0,2026-09-24T11:02:44+08:00
AosIo96hMLnNe4cZ5LESn,2026-09-24T11:00:00+08:00,33,0,2026-09-24T11:02:44+08:00
CdGlAWLw4cIllzFlL2be0,2026-09-24T11:00:00+08:00,51,0,2026-09-24T11:02:44+08:00
EcBGtBDRSadwhso2WV0Tk,2026-09-24T11:00:00+08:00,67,0,2026-09-24T11:02:44+08:00
FOoCS3RzGgcLYcRzdOFV1,2026-09-24T11:00:00+08:00,29,0,2026-09-24T11:02:44+08:00
FrQe2ueU3hIaPAAh8snYW,2026-09-24T11:00:00+08:00,44,0,2026-09-24T11:02:44+08:00
L6PijvT6exaVezC2I6Vvg,2026-09-24T11:00:00+08:00,34,0,2026-09-24T11:02:44+08:00
LH8LXZ2I67YVHplh5HTUG,2026-09-24T11:00:00+08:00,29,0,2026-09-24T11:02:44+08:00
NxxWCKb2ITT7AZNRJr62i,2026-09-24T11:00:00+08:00,52,0,2026-09-24T11:02:44+08:00
O0tD3rcKdjI7dYB4ynfr9,2026-09-24T11:00:00+08:00,53,0,2026-09-24T11:02:44+08:00
O8i7stfNTU2DydWZdkUIo,2026-09-24T11:00:00+08:00,29,0,2026-09-24T11:02:44+08:00
RF0gfHIWDuNybfYfPOZgU,2026-09-24T11:00:00+08:00,58,0,2026-09-24T11:02:44+08:00
TAmdBcFXigZ5kPnh97Qju,2026-09-24T11:00:00+08:00,30,0,2026-09-24T11:02:44+08:00
Vg6a1NAMJ9yjL5wmJ4ZnS,2026-09-24T11:00:00+08:00,23,0,2026-09-24T11:02:44+08:00
XE4W6nShDirkLifR7aY2H,2026-09-24T11:00:00+08:00,38,0,2026-09-24T11:02:44+08:00
XcptrxSXxwEMzzOdhC4e8,2026-09-24T11:00:00+08:00,33,0,2026-09-24T11:02:44+08:00
gWsom5XND7y31xUHffKIx,2026-09-24T11:00:00+08:00,17,0,2026-09-24T11:02:44+08:00
hU7dxBlZvxIP6xF1sBF4g,2026-09-24T11:00:00+08:00,50,0,2026-09-24T11:02:44+08:00
jURxKTJdKAknCAn3BdZBu,2026-09-24T11:00:00+08:00,22,0,2026-09-24T11:02:44+08:00
kWpNPgv8vJ7oY5hM0EGBj,2026-09-24T11:00:00+08:00,37,0,2026-09-24T11:02:44+08:00
kvKdTkljhfoINMtsxkLwR,2026-09-24T11:00:00+08:00,44,0,2026-09-24T11:02:44+08:00
lGqA6LMJhSPHrUSA9gCBW,2026-09-24T11:00:00+08:00,41,0,2026-09-24T11:02:44+08:00
mTU4h0cnQo7ZfHBye4laR,2026-09-24T11:00:00+08:00,53,0,2026-09-24T11:02:44+08:00
oGyEo8DlMkhqGwHAHyrX2,2026-09-24T11:00:00+08:00,60,0,2026-09-24T11:02:44+08:00
qBwKt6mp7ouMiEuoQHyrX,2026-09-24T11:00:00+08:00,50,0,2026-09-24T11:02:44+08:00
rSfmQ2HygLUCIJZ4YBXhZ,2026-09-24T11:00:00+08:00,50,0,2026-09-24T11:02:44+08:00
sm9l6v5egLq8LmDAxaD35,2026-09-24T11:00:00+08:00,31,0,2026-09-24T11:02:44+08:00
vmM6pa4n1ZoW3cjsr2i8t,2026-09-24T11:00:00+08:00,22,0,2026-09-24T11:02:44+08:00
yI42qVqT0Klxyp97GlSFv,2026-09-24T11:00:00+08:00,40,0,2026-09-24T11:02:44+08:00
zz7zliifcVF7RjIBrHrWW,2026-09-24T11:00:00+08:00,54,0,2026-09-24T11:02:44+08:00
7pUkepD2XsWDHOO92bNyP,2026-09-24T11:15:00+08:00,54,0,2026-09-24T11:17:31+08:00
AosIo96hMLnNe4cZ5LESn,2026-09-24T11:15:00+08:00,33,0,2026-09-24T11:17:31+08:00
CdGlAWLw4cIllzFlL2be0,2026-09-24T11:15:00+08:00,58,0,2026-09-24T11:17:31+08:00
EcBGtBDRSadwhso2WV0Tk,2026-09-24T11:15:00+08:00,72,0,2026-09-24T11:17:31+08:00
FOoCS3RzGgcLYcRzdOFV1,2026-09-24T11:15:00+08:00,26,0,2026-09-24T11:17:31+08:00
FrQe2ueU3hIaPAAh8snYW,2026-09-24T11:15:00+08:00,43,0,2026-09-24T11:17:31+08:00
L6PijvT6exaVezC2I6Vvg,2026-09-24T11:15:00+08:00,30,0,2026-09-24T11:17:31+08:00
LH8LXZ2I67YVHplh5HTUG,2026-09-24T11:15:00+08:00,28,0,2026-09-24T11:17:31+08:00
NxxWCKb2ITT7AZNRJr62i,2026-09-24T11:15:00+08:00,45,0,2026-09-24T11:17:31+08:00
O0tD3rcKdjI7dYB4ynfr9,2026-09-24T11:15:00+08:00,57,0,2026-09-24T11:17:31+08:00
O8i7stfNTU2DydWZdkUIo,2026-09-24T11:15:00+08:00,30,0,2026-09-24T11:17:31+08:00
RF0gfHIWDuNybfYfPOZgU,2026-09-24T11:15:00+08:00,60,0,2026-09-24T11:17:31+08:00
TAmdBcFXigZ5kPnh97Qju,2026-09-24T11:15:00+08:00,34,0,2026-09-24T11:17:31+08:00
Vg6a1NAMJ9yjL5wmJ4ZnS,2026-09-24T11:15:00+08:00,23,0,2026-09-24T11:17:31+08:00
XE4W6nShDirkLifR7aY2H,2026-09-24T11:15:00+08:00,38,0,2026-09-24T11:17:31+08:00
XcptrxSXxwEMzzOdhC4e8,2026-09-24T11:15:00+08:00,32,0,2026-09-24T11:17:31+08:00
gWsom5XND7y31xUHffKIx,2026-09-24T11:15:00+08:00,16,0,2026-09-24T11:17:31+08:00
hU7dxBlZvxIP6xF1sBF4g,2026-09-24T11:15:00+08:00,46,0,2026-09-24T11:17:31+08:00
jURxKTJdKAknCAn3BdZBu,2026-09-24T11:15:00+08:00,23,0,2026-09-24T11:17:31+08:00
kWpNPgv8vJ7oY5hM0EGBj,2026-09-24T11:15:00+08:00,32,0,2026-09-24T11:17:31+08:00
kvKdTkljhfoINMtsxkLwR,2026-09-24T11:15:00+08:00,43,0,2026-09-24T11:17:31+08:00
lGqA6LMJhSPHrUSA9gCBW,2026-09-24T11:15:00+08:00,49,0,2026-09-24T11:17:31+08:00
mTU4h0cnQo7ZfHBye4laR,2026-09-24T11:15:00+08:00,50,0,2026-09-24T11:17:31+08:00
oGyEo8DlMkhqGwHAHyrX2,2026-09-24T11:15:00+08:00,62,0,2026-09-24T11:17:31+08:00
qBwKt6mp7ouMiEuoQHyrX,2026-09-24T11:15:00+08:00,53,0,2026-09-24T11:17:31+08:00
rSfmQ2HygLUCIJZ4YBXhZ,2026-09-24T11:15:00+08:00,56,0,2026-09-24T11:17:31+08:00
sm9l6v5egLq8LmDAxaD35,2026-09-24T11:15:00+08:00,33,0,2026-09-24T11:17:31+08:00
vmM6pa4n1ZoW3cjsr2i8t,2026-09-24T11:15:00+08:00,23,0,2026-09-24T11:17:31+08:00
yI42qVqT0Klxyp97GlSFv,2026-09-24T11:15:00+08:00,43,0,2026-09-24T11:17:31+08:00
zz7zliifcVF7RjIBrHrWW,2026-09-24T11:15:00+08:00,54,0,2026-09-24T11:17:31+08:00
7pUkepD2XsWDHOO92bNyP,2026-09-24T11:30:00+08:00,58,0,2026-09-24T11:37:40+08:00
AosIo96hMLnNe4cZ5LESn,2026-09-24T11:30:00+08:00,31,0,2026-09-24T11:37:40+08:00
CdGlAWLw4cIllzFlL2be0,2026-09-24T11:30:00+08:00,60,0,2026-09-24T11:37:40+08:00
EcBGtBDRSadwhso2WV0Tk,2026-09-24T11:30:00+08:00,66,0,2026-09-24T11:37:40+08:00
FOoCS3RzGgcLYcRzdOFV1,2026-09-24T11:30:00+08:00,31,0,2026-09-24T11:37:40+08:00
FrQe2ueU3hIaPAAh8snYW,2026-09-24T11:30:00+08:00,44,0,2026-09-24T11:37:40+08:00
L6PijvT6exaVezC2I6Vvg,2026-09-24T11:30:00+08:00,28,0,2026-09-24T11:37:40+08:00
LH8LXZ2I67YVHplh5HTUG,2026-09-24T11:30:00+08:00,29,0,2026-09-24T11:37:40+08:00
NxxWCKb2ITT7AZNRJr62i,2026-09-24T11:30:00+08:00,40,0,2026-09-24T11:37:40+08:00
O0tD3rcKdjI7dYB4ynfr9,2026-09-24T11:30:00+08:00,60,0,2026-09-24T11:37:40+08:00
O8i7stfNTU2DydWZdkUIo,2026-09-24T11:30:00+08:00,24,0,2026-09-24T11:37:40+08:00
RF0gfHIWDuNybfYfPOZgU,2026-09-24T11:30:00+08:00,54,0,2026-09-24T11:37:40+08:00
TAmdBcFXigZ5kPnh97Qju,2026-09-24T11:30:00+08:00,33,0,2026-09-24T11:37:40+08:00
Vg6a1NAMJ9yjL5wmJ4ZnS,2026-09-24T11:30:00+08:00,23,0,2026-09-24T11:37:40+08:00
XE4W6nShDirkLifR7aY2H,2026-09-24T11:30:00+08:00,36,0,2026-09-24T11:37:40+08:00
XcptrxSXxwEMzzOdhC4e8,2026-09-24T11:30:00+08:00,35,0,2026-09-24T11:37:40+08:00
gWsom5XND7y31xUHffKIx,2026-09-24T11:30:00+08:00,17,0,2026-09-24T11:37:40+08:00
hU7dxBlZvxIP6xF1sBF4g,2026-09-24T11:30:00+08:00,41,0,2026-09-24T11:37:40+08:00
jURxKTJdKAknCAn3BdZBu,2026-09-24T11:30:00+08:00,25,0,2026-09-24T11:37:40+08:00
kWpNPgv8vJ7oY5hM0EGBj,2026-09-24T11:30:00+08:00,36,0,2026-09-24T11:37:40+08:00
kvKdTkljhfoINMtsxkLwR,2026-09-24T11:30:00+08:00,48,0,2026-09-24T11:37:40+08:00
lGqA6LMJhSPHrUSA9gCBW,2026-09-24T11:30:00+08:00,57,0,2026-09-24T11:37:40+08:00
mTU4h0cnQo7ZfHBye4laR,2026-09-24T11:30:00+08:00,44,0,2026-09-24T11:37:40+08:00
oGyEo8DlMkhqGwHAHyrX2,2026-09-24T11:30:00+08:00,64,0,2026-09-24T11:37:40+08:00
qBwKt6mp7ouMiEuoQHyrX,2026-09-24T11:30:00+08:00,50,0,2026-09-24T11:37:40+08:00
rSfmQ2HygLUCIJZ4YBXhZ,2026-09-24T11:30:00+08:00,54,0,2026-09-24T11:37:40+08:00
sm9l6v5egLq8LmDAxaD35,2026-09-24T11:30:00+08:00,28,0,2026-09-24T11:37:40+08:00
vmM6pa4n1ZoW3cjsr2i8t,2026-09-24T11:30:00+08:00,24,0,2026-09-24T11:37:40+08:00
yI42qVqT0Klxyp97GlSFv,2026-09-24T11:30:00+08:00,35,0,2026-09-24T11:37:40+08:00
zz7zliifcVF7RjIBrHrWW,2026-09-24T11:30:00+08:00,54,0,2026-09-24T11:37:40+08:00
7pUkepD2XsWDHOO92bNyP,2026-09-24T11:45:00+08:00,58,0,2026-09-24T11:49:22+08:00
AosIo96hMLnNe4cZ5LESn,2026-09-24T11:45:00+08:00,32,0,2026-09-24T11:49:22+08:00
CdGlAWLw4cIllzFlL2be0,2026-09-24T11:45:00+08:00,60,0,2026-09-24T11:49:22+08:00
EcBGtBDRSadwhso2WV0Tk,2026-09-24T11:45:00+08:00,56,0,2026-09-24T11:49:22+08:00
FOoCS3RzGgcLYcRzdOFV1,2026-09-24T11:45:00+08:00,32,0,2026-09-24T11:49:22+08:00
FrQe2ueU3hIaPAAh8snYW,2026-09-24T11:45:00+08:00,42,0,2026-09-24T11:49:22+08:00
L6PijvT6exaVezC2I6Vvg,2026-09-24T11:45:00+08:00,28,0,2026-09-24T11:49:22+08:00
LH8LXZ2I67YVHplh5HTUG,2026-09-24T11:45:00+08:00,29,0,2026-09-24T11:49:22+08:00
NxxWCKb2ITT7AZNRJr62i,2026-09-24T11:45:00+08:00,42,0,2026-09-24T11:49:22+08:00
O0tD3rcKdjI7dYB4ynfr9,2026-09-24T11:45:00+08:00,63,0,2026-09-24T11:49:22+08:00
O8i7stfNTU2DydWZdkUIo,2026-09-24T11:45:00+08:00,22,0,2026-09-24T11:49:22+08:00
RF0gfHIWDuNybfYfPOZgU,2026-09-24T11:45:00+08:00,60,0,2026-09-24T11:49:22+08:00
TAmdBcFXigZ5kPnh97Qju,2026-09-24T11:45:00+08:00,35,0,2026-09-24T11:49:22+08:00
Vg6a1NAMJ9yjL5wmJ4ZnS,2026-09-24T11:45:00+08:00,33,0,2026-09-24T11:49:22+08:00
XE4W6nShDirkLifR7aY2H,2026-09-24T11:45:00+08:00,36,0,2026-09-24T11:49:22+08:00
XcptrxSXxwEMzzOdhC4e8,2026-09-24T11:45:00+08:00,36,0,2026-09-24T11:49:22+08:00
gWsom5XND7y31xUHffKIx,2026-09-24T11:45:00+08:00,20,0,2026-09-24T11:49:22+08:00
hU7dxBlZvxIP6xF1sBF4g,2026-09-24T11:45:00+08:00,43,0,2026-09-24T11:49:22+08:00
jURxKTJdKAknCAn3BdZBu,2026-09-24T11:45:00+08:00,24,0,2026-09-24T11:49:22+08:00
kWpNPgv8vJ7oY5hM0EGBj,2026-09-24T11:45:00+08:00,38,0,2026-09-24T11:49:22+08:00
kvKdTkljhfoINMtsxkLwR,2026-09-24T11:45:00+08:00,45,0,2026-09-24T11:49:22+08:00
lGqA6LMJhSPHrUSA9gCBW,2026-09-24T11:45:00+08:00,52,0,2026-09-24T11:49:22+08:00
mTU4h0cnQo7ZfHBye4laR,2026-09-24T11:45:00+08:00,37,0,2026-09-24T11:49:22+08:00
oGyEo8DlMkhqGwHAHyrX2,2026-09-24T11:45:00+08:00,67,0,2026-09-24T11:49:22+08:00
qBwKt6mp7ouMiEuoQHyrX,2026-09-24T11:45:00+08:00,47,0,2026-09-24T11:49:22+08:00
rSfmQ2HygLUCIJZ4YBXhZ,2026-09-24T11:45:00+08:00,51,0,2026-09-24T11:49:22+08:00
sm9l6v5egLq8LmDAxaD35,2026-09-24T11:45:00+08:00,28,0,2026-09-24T11:49:22+08:00
vmM6pa4n1ZoW3cjsr2i8t,2026-09-24T11:45:00+08:00,22,0,2026-09-24T11:49:22+08:00
yI42qVqT0Klxyp97GlSFv,2026-09-24T11:45:00+08:00,33,0,2026-09-24T11:49:22+08:00
zz7zliifcVF7RjIBrHrWW,2026-09-24T11:45:00+08:00,54,0,2026-09-24T11:49:22+08:00
7pUkepD2XsWDHOO92bNyP,2026-09-24T12:00:00+08:00,60,0,2026-09-24T12:03:18+08:00
AosIo96hMLnNe4cZ5LESn,2026-09-24T12:00:00+08:00,33,0,2026-09-24T12:03:18+08:00
CdGlAWLw4cIllzFlL2be0,2026-09-24T12:00:00+08:00,63,0,2026-09-24T12:03:18+08:00
EcBGtBDRSadwhso2WV0Tk,2026-09-24T12:00:00+08:00,48,0,2026-09-24T12:03:18+08:00
FOoCS3RzGgcLYcRzdOFV1,2026-09-24T12:00:00+08:00,27,0,2026-09-24T12:03:18+08:00
FrQe2ueU3hIaPAAh8snYW,2026-09-24T12:00:00+08:00,38,0,2026-09-24T12:03:18+08:00
L6PijvT6exaVezC2I6Vvg,2026-09-24T12:00:00+08:00,28,0,2026-09-24T12:03:18+08:00
LH8LXZ2I67YVHplh5HTUG,2026-09-24T12:00:00+08:00,30,0,2026-09-24T12:03:18+08:00
NxxWCKb2ITT7AZNRJr62i,2026-09-24T12:00:00+08:00,45,0,2026-09-24T12:03:18+08:00
O0tD3rcKdjI7dYB4ynfr9,2026-09-24T12:00:00+08:00,60,0,2026-09-24T12:03:18+08:00
O8i7stfNTU2DydWZdkUIo,2026-09-24T12:00:00+08:00,22,0,2026-09-24T12:03:18+08:00
RF0gfHIWDuNybfYfPOZgU,2026-09-24T12:00:00+08:00,60,0,2026-09-24T12:03:18+08:00
TAmdBcFXigZ5kPnh97Qju,2026-09-24T12:00:00+08:00,36,0,2026-09-24T12:03:18+08:00
Vg6a1NAMJ9yjL5wmJ4ZnS,2026-09-24T12:00:00+08:00,37,0,2026-09-24T12:03:18+08:00
XE4W6nShDirkLifR7aY2H,2026-09-24T12:00:00+08:00,38,0,2026-09-24T12:03:18+08:00
XcptrxSXxwEMzzOdhC4e8,2026-09-24T12:00:00+08:00,36,0,2026-09-24T12:03:18+08:00
gWsom5XND7y31xUHffKIx,2026-09-24T12:00:00+08:00,20,0,2026-09-24T12:03:18+08:00
hU7dxBlZvxIP6xF1sBF4g,2026-09-24T12:00:00+08:00,45,0,2026-09-24T12:03:18+08:00
jURxKTJdKAknCAn3BdZBu,2026-09-24T12:00:00+08:00,21,0,2026-09-24T12:03:18+08:00
kWpNPgv8vJ7oY5hM0EGBj,2026-09-24T12:00:00+08:00,37,0,2026-09-24T12:03:18+08:00
kvKdTkljhfoINMtsxkLwR,2026-09-24T12:00:00+08:00,40,0,2026-09-24T12:03:18+08:00
lGqA6LMJhSPHrUSA9gCBW,2026-09-24T12:00:00+08:00,53,0,2026-09-24T12:03:18+08:00
mTU4h0cnQo7ZfHBye4laR,2026-09-24T12:00:00+08:00,34,0,2026-09-24T12:03:18+08:00
oGyEo8DlMkhqGwHAHyrX2,2026-09-24T12:00:00+08:00,73,0,2026-09-24T12:03:18+08:00
qBwKt6mp7ouMiEuoQHyrX,2026-09-24T12:00:00+08:00,45,0,2026-09-24T12:03:18+08:00
rSfmQ2HygLUCIJZ4YBXhZ,2026-09-24T12:00:00+08:00,52,0,2026-09-24T12:03:18+08:00
sm9l6v5egLq8LmDAxaD35,2026-09-24T12:00:00+08:00,25,0,2026-09-24T12:03:18+08:00
vmM6pa4n1ZoW3cjsr2i8t,2026-09-24T12:00:00+08:00,24,0,2026-09-24T12:03:18+08:00
yI42qVqT0Klxyp97GlSFv,2026-09-24T12:00:00+08:00,28,0,2026-09-24T12:03:18+08:00
zz7zliifcVF7RjIBrHrWW,2026-09-24T12:00:00+08:00,54,0,2026-09-24T12:03:18+08:00
7pUkepD2XsWDHOO92bNyP,2026-09-24T12:15:00+08:00,62,0,2026-09-24T12:26:12+08:00
AosIo96hMLnNe4cZ5LESn,2026-09-24T12:15:00+08:00,34,0,2026-09-24T12:26:12+08:00
CdGlAWLw4cIllzFlL2be0,2026-09-24T12:15:00+08:00,59,0,2026-09-24T12:26:12+08:00
EcBGtBDRSadwhso2WV0Tk,2026-09-24T12:15:00+08:00,38,0,2026-09-24T12:26:12+08:00
FOoCS3RzGgcLYcRzdOFV1,2026-09-24T12:15:00+08:00,31,0,2026-09-24T12:26:12+08:00
FrQe2ueU3hIaPAAh8snYW,2026-09-24T12:15:00+08:00,43,0,2026-09-24T12:26:12+08:00
L6PijvT6exaVezC2I6Vvg,2026-09-24T12:15:00+08:00,29,0,2026-09-24T12:26:12+08:00
LH8LXZ2I67YVHplh5HTUG,2026-09-24T12:15:00+08:00,31,0,2026-09-24T12:26:12+08:00
NxxWCKb2ITT7AZNRJr62i,2026-09-24T12:15:00+08:00,42,0,2026-09-24T12:26:12+08:00
O0tD3rcKdjI7dYB4ynfr9,2026-09-24T12:15:00+08:00,58,0,2026-09-24T12:26:12+08:00
O8i7stfNTU2DydWZdkUIo,2026-09-24T12:15:00+08:00,21,0,2026-09-24T12:26:12+08:00
RF0gfHIWDuNybfYfPOZgU,2026-09-24T12:15:00+08:00,52,0,2026-09-24T12:26:12+08:00
TAmdBcFXigZ5kPnh97Qju,2026-09-24T12:15:00+08:00,36,0,2026-09-24T12:26:12+08:00
Vg6a1NAMJ9yjL5wmJ4ZnS,2026-09-24T12:15:00+08:00,27,0,2026-09-24T12:26:12+08:00
XE4W6nShDirkLifR7aY2H,2026-09-24T12:15:00+08:00,38,0,2026-09-24T12:26:12+08:00
XcptrxSXxwEMzzOdhC4e8,2026-09-24T12:15:00+08:00,32,0,2026-09-24T12:26:12+08:00
gWsom5XND7y31xUHffKIx,2026-09-24T12:15:00+08:00,23,0,2026-09-24T12:26:12+08:00
hU7dxBlZvxIP6xF1sBF4g,2026-09-24T12:15:00+08:00,40,0,2026-09-24T12:26:12+08:00
jURxKTJdKAknCAn3BdZBu,2026-09-24T12:15:00+08:00,20,0,2026-09-24T12:26:12+08:00
kWpNPgv8vJ7oY5hM0EGBj,2026-09-24T12:15:00+08:00,37,0,2026-09-24T12:26:12+08:00
kvKdTkljhfoINMtsxkLwR,2026-09-24T12:15:00+08:00,32,0,2026-09-24T12:26:12+08:00
lGqA6LMJhSPHrUSA9gCBW,2026-09-24T12:15:00+08:00,42,0,2026-09-24T12:26:12+08:00
mTU4h0cnQo7ZfHBye4laR,2026-09-24T12:15:00+08:00,42,0,2026-09-24T12:26:12+08:00
oGyEo8DlMkhqGwHAHyrX2,2026-09-24T12:15:00+08:00,66,0,2026-09-24T12:26:12+08:00
qBwKt6mp7ouMiEuoQHyrX,2026-09-24T12:15:00+08:00,50,0,2026-09-24T12:26:12+08:00
rSfmQ2HygLUCIJZ4YBXhZ,2026-09-24T12:15:00+08:00,43,0,2026-09-24T12:26:12+08:00
sm9l6v5egLq8LmDAxaD35,2026-09-24T12:15:00+08:00,28,0,2026-09-24T12:26:12+08:00
vmM6pa4n1ZoW3cjsr2i8t,2026-09-24T12:15:00+08:00,24,0,2026-09-24T12:26:12+08:00
yI42qVqT0Klxyp97GlSFv,2026-09-24T12:15:00+08:00,43,0,2026-09-24T12:26:12+08:00
zz7zliifcVF7RjIBrHrWW,2026-09-24T12:15:00+08:00,34,0,2026-09-24T12:26:12+08:00
7pUkepD2XsWDHOO92bNyP,2026-09-24T12:45:00+08:00,58,0,2026-09-24T12:49:19+08:00
AosIo96hMLnNe4cZ5LESn,2026-09-24T12:45:00+08:00,32,0,2026-09-24T12:49:19+08:00
CdGlAWLw4cIllzFlL2be0,2026-09-24T12:45:00+08:00,59,0,2026-09-24T12:49:19+08:00
EcBGtBDRSadwhso2WV0Tk,2026-09-24T12:45:00+08:00,39,0,2026-09-24T12:49:19+08:00
FOoCS3RzGgcLYcRzdOFV1,2026-09-24T12:45:00+08:00,38,0,2026-09-24T12:49:19+08:00
FrQe2ueU3hIaPAAh8snYW,2026-09-24T12:45:00+08:00,47,0,2026-09-24T12:49:19+08:00
L6PijvT6exaVezC2I6Vvg,2026-09-24T12:45:00+08:00,27,0,2026-09-24T12:49:19+08:00
LH8LXZ2I67YVHplh5HTUG,2026-09-24T12:45:00+08:00,27,0,2026-09-24T12:49:19+08:00
NxxWCKb2ITT7AZNRJr62i,2026-09-24T12:45:00+08:00,28,0,2026-09-24T12:49:19+08:00
O0tD3rcKdjI7dYB4ynfr9,2026-09-24T12:45:00+08:00,48,0,2026-09-24T12:49:19+08:00
O8i7stfNTU2DydWZdkUIo,2026-09-24T12:45:00+08:00,25,0,2026-09-24T12:49:19+08:00
RF0gfHIWDuNybfYfPOZgU,2026-09-24T12:45:00+08:00,53,0,2026-09-24T12:49:19+08:00
TAmdBcFXigZ5kPnh97Qju,2026-09-24T12:45:00+08:00,39,0,2026-09-24T12:49:19+08:00
Vg6a1NAMJ9yjL5wmJ4ZnS,2026-09-24T12:45:00+08:00,27,0,2026-09-24T12:49:19+08:00
XE4W6nShDirkLifR7aY2H,2026-09-24T12:45:00+08:00,27,0,2026-09-24T12:49:19+08:00
XcptrxSXxwEMzzOdhC4e8,2026-09-24T12:45:00+08:00,32,0,2026-09-24T12:49:19+08:00
gWsom5XND7y31xUHffKIx,2026-09-24T12:45:00+08:00,27,0,2026-09-24T12:49:19+08:00
hU7dxBlZvxIP6xF1sBF4g,2026-09-24T12:45:00+08:00,37,0,2026-09-24T12:49:19+08:00
jURxKTJdKAknCAn3BdZBu,2026-09-24T12:45:00+08:00,19,0,2026-09-24T12:49:19+08:00
kWpNPgv8vJ7oY5hM0EGBj,2026-09-24T12:45:00+08:00,35,0,2026-09-24T12:49:19+08:00
kvKdTkljhfoINMtsxkLwR,2026-09-24T12:45:00+08:00,26,0,2026-09-24T12:49:19+08:00
lGqA6LMJhSPHrUSA9gCBW,2026-09-24T12:45:00+08:00,23,0,2026-09-24T12:49:19+08:00
mTU4h0cnQo7ZfHBye4laR,2026-09-24T12:45:00+08:00,47,0,2026-09-24T12:49:19+08:00
oGyEo8DlMkhqGwHAHyrX2,2026-09-24T12:45:00+08:00,61,0,2026-09-24T12:49:19+08:00
qBwKt6mp7ouMiEuoQHyrX,2026-09-24T12:45:00+08:00,50,0,2026-09-24T12:49:19+08:00
rSfmQ2HygLUCIJZ4YBXhZ,2026-09-24T12:45:00+08:00,33,0,2026-09-24T12:49:19+08:00
sm9l6v5egLq8LmDAxaD35,2026-09-24T12:45:00+08:00,28,0,2026-09-24T12:49:19+08:00
vmM6pa4n1ZoW3cjsr2i8t,2026-09-24T12:45:00+08:00,24,0,2026-09-24T12:49:19+08:00
yI42qVqT0Klxyp97GlSFv,2026-09-24T12:45:00+08:00,55,0,2026-09-24T12:49:19+08:00
zz7zliifcVF7RjIBrHrWW,2026-09-24T12:45:00+08:00,34,0,2026-09-24T12:49:19+08:00
7pUkepD2XsWDHOO92bNyP,2026-09-24T13:00:00+08:00,52,0,2026-09-24T13:01:44+08:00
AosIo96hMLnNe4cZ5LESn,2026-09-24T13:00:00+08:00,30,0,2026-09-24T13:01:44+08:00
CdGlAWLw4cIllzFlL2be0,2026-09-24T13:00:00+08:00,51,0,2026-09-24T13:01:44+08:00
EcBGtBDRSadwhso2WV0Tk,2026-09-24T13:00:00+08:00,45,0,2026-09-24T13:01:44+08:00
FOoCS3RzGgcLYcRzdOFV1,2026-09-24T13:00:00+08:00,35,0,2026-09-24T13:01:44+08:00
FrQe2ueU3hIaPAAh8snYW,2026-09-24T13:00:00+08:00,28,0,2026-09-24T13:01:44+08:00
L6PijvT6exaVezC2I6Vvg,2026-09-24T13:00:00+08:00,24,0,2026-09-24T13:01:44+08:00
LH8LXZ2I67YVHplh5HTUG,2026-09-24T13:00:00+08:00,29,0,2026-09-24T13:01:44+08:00
NxxWCKb2ITT7AZNRJr62i,2026-09-24T13:00:00+08:00,25,0,2026-09-24T13:01:44+08:00
O0tD3rcKdjI7dYB4ynfr9,2026-09-24T13:00:00+08:00,52,0,2026-09-24T13:01:44+08:00
O8i7stfNTU2DydWZdkUIo,2026-09-24T13:00:00+08:00,25,0,2026-09-24T13:01:44+08:00
RF0gfHIWDuNybfYfPOZgU,2026-09-24T13:00:00+08:00,49,0,2026-09-24T13:01:44+08:00
TAmdBcFXigZ5kPnh97Qju,2026-09-24T13:00:00+08:00,35,0,2026-09-24T13:01:44+08:00
Vg6a1NAMJ9yjL5wmJ4ZnS,2026-09-24T13:00:00+08:00,27,0,2026-09-24T13:01:44+08:00
XE4W6nShDirkLifR7aY2H,2026-09-24T13:00:00+08:00,24,0,2026-09-24T13:01:44+08:00
XcptrxSXxwEMzzOdhC4e8,2026-09-24T13:00:00+08:00,32,0,2026-09-24T13:01:44+08:00
gWsom5XND7y31xUHffKIx,2026-09-24T13:00:00+08:00,24,0,2026-09-24T13:01:44+08:00
hU7dxBlZvxIP6xF1sBF4g,2026-09-24T13:00:00+08:00,33,0,2026-09-24T13:01:44+08:00
jURxKTJdKAknCAn3BdZBu,2026-09-24T13:00:00+08:00,19,0,2026-09-24T13:01:44+08:00
kWpNPgv8vJ7oY5hM0EGBj,2026-09-24T13:00:00+08:00,38,0,2026-09-24T13:01:44+08:00
kvKdTkljhfoINMtsxkLwR,2026-09-24T13:00:00+08:00,27,0,2026-09-24T13:01:44+08:00
lGqA6LMJhSPHrUSA9gCBW,2026-09-24T13:00:00+08:00,27,0,2026-09-24T13:01:44+08:00
mTU4h0cnQo7ZfHBye4laR,2026-09-24T13:00:00+08:00,50,0,2026-09-24T13:01:44+08:00
oGyEo8DlMkhqGwHAHyrX2,2026-09-24T13:00:00+08:00,50,0,2026-09-24T13:01:44+08:00
qBwKt6mp7ouMiEuoQHyrX,2026-09-24T13:00:00+08:00,50,0,2026-09-24T13:01:44+08:00
rSfmQ2HygLUCIJZ4YBXhZ,2026-09-24T13:00:00+08:00,33,0,2026-09-24T13:01:44+08:00
sm9l6v5egLq8LmDAxaD35,2026-09-24T13:00:00+08:00,23,0,2026-09-24T13:01:44+08:00
vmM6pa4n1ZoW3cjsr2i8t,2026-09-24T13:00:00+08:00,24,0,2026-09-24T13:01:44+08:00
yI42qVqT0Klxyp97GlSFv,2026-09-24T13:00:00+08:00,60,0,2026-09-24T13:01:44+08:00
zz7zliifcVF7RjIBrHrWW,2026-09-24T13:00:00+08:00,34,0,2026-09-24T13:01:44+08:00
7pUkepD2XsWDHOO92bNyP,2026-09-24T13:15:00+08:00,55,0,2026-09-24T13:28:30+08:00
AosIo96hMLnNe4cZ5LESn,2026-09-24T13:15:00+08:00,25,0,2026-09-24T13:28:30+08:00
CdGlAWLw4cIllzFlL2be0,2026-09-24T13:15:00+08:00,51,0,2026-09-24T13:28:30+08:00
EcBGtBDRSadwhso2WV0Tk,2026-09-24T13:15:00+08:00,44,0,2026-09-24T13:28:30+08:00
FOoCS3RzGgcLYcRzdOFV1,2026-09-24T13:15:00+08:00,27,0,2026-09-24T13:28:30+08:00
FrQe2ueU3hIaPAAh8snYW,2026-09-24T13:15:00+08:00,28,0,2026-09-24T13:28:30+08:00
L6PijvT6exaVezC2I6Vvg,2026-09-24T13:15:00+08:00,21,0,2026-09-24T13:28:30+08:00
LH8LXZ2I67YVHplh5HTUG,2026-09-24T13:15:00+08:00,29,0,2026-09-24T13:28:30+08:00
NxxWCKb2ITT7AZNRJr62i,2026-09-24T13:15:00+08:00,23,0,2026-09-24T13:28:30+08:00
O0tD3rcKdjI7dYB4ynfr9,2026-09-24T13:15:00+08:00,47,0,2026-09-24T13:28:30+08:00
O8i7stfNTU2DydWZdkUIo,2026-09-24T13:15:00+08:00,28,0,2026-09-24T13:28:30+08:00
RF0gfHIWDuNybfYfPOZgU,2026-09-24T13:15:00+08:00,51,0,2026-09-24T13:28:30+08:00
TAmdBcFXigZ5kPnh97Qju,2026-09-24T13:15:00+08:00,24,0,2026-09-24T13:28:30+08:00
Vg6a1NAMJ9yjL5wmJ4ZnS,2026-09-24T13:15:00+08:00,27,0,2026-09-24T13:28:30+08:00
XE4W6nShDirkLifR7aY2H,2026-09-24T13:15:00+08:00,16,0,2026-09-24T13:28:30+08:00
XcptrxSXxwEMzzOdhC4e8,2026-09-24T13:15:00+08:00,32,0,2026-09-24T13:28:30+08:00
gWsom5XND7y31xUHffKIx,2026-09-24T13:15:00+08:00,33,0,2026-09-24T13:28:30+08:00
hU7dxBlZvxIP6xF1sBF4g,2026-09-24T13:15:00+08:00,35,0,2026-09-24T13:28:30+08:00
jURxKTJdKAknCAn3BdZBu,2026-09-24T13:15:00+08:00,18,0,2026-09-24T13:28:30+08:00
kWpNPgv8vJ7oY5hM0EGBj,2026-09-24T13:15:00+08:00,27,0,2026-09-24T13:28:30+08:00
kvKdTkljhfoINMtsxkLwR,2026-09-24T13:15:00+08:00,28,0,2026-09-24T13:28:30+08:00
lGqA6LMJhSPHrUSA9gCBW,2026-09-24T13:15:00+08:00,30,0,2026-09-24T13:28:30+08:00
mTU4h0cnQo7ZfHBye4laR,2026-09-24T13:15:00+08:00,44,0,2026-09-24T13:28:30+08:00
oGyEo8DlMkhqGwHAHyrX2,2026-09-24T13:15:00+08:00,55,0,2026-09-24T13:28:30+08:00
qBwKt6mp7ouMiEuoQHyrX,2026-09-24T13:15:00+08:00,48,0,2026-09-24T13:28:30+08:00
rSfmQ2HygLUCIJZ4YBXhZ,2026-09-24T13:15:00+08:00,32,0,2026-09-24T13:28:30+08:00
sm9l6v5egLq8LmDAxaD35,2026-09-24T13:15:00+08:00,29,0,2026-09-24T13:28:30+08:00
vmM6pa4n1ZoW3cjsr2i8t,2026-09-24T13:15:00+08:00,16,0,2026-09-24T13:28:30+08:00
yI42qVqT0Klxyp97GlSFv,2026-09-24T13:15:00+08:00,68,0,2026-09-24T13:28:30+08:00
zz7zliifcVF7RjIBrHrWW,2026-09-24T13:15:00+08:00,34,0,2026-09-24T13:28:30+08:00
7pUkepD2XsWDHOO92bNyP,2026-09-24T13:45:00+08:00,68,0,2026-09-24T13:47:22+08:00
AosIo96hMLnNe4cZ5LESn,2026-09-24T13:45:00+08:00,23,0,2026-09-24T13:47:22+08:00
CdGlAWLw4cIllzFlL2be0,2026-09-24T13:45:00+08:00,54,0,2026-09-24T13:47:22+08:00
EcBGtBDRSadwhso2WV0Tk,2026-09-24T13:45:00+08:00,32,0,2026-09-24T13:47:22+08:00
FOoCS3RzGgcLYcRzdOFV1,2026-09-24T13:45:00+08:00,19,0,2026-09-24T13:47:22+08:00
FrQe2ueU3hIaPAAh8snYW,2026-09-24T13:45:00+08:00,28,0,2026-09-24T13:47:22+08:00
L6PijvT6exaVezC2I6Vvg,2026-09-24T13:45:00+08:00,19,0,2026-09-24T13:47:22+08:00
LH8LXZ2I67YVHplh5HTUG,2026-09-24T13:45:00+08:00,27,0,2026-09-24T13:47:22+08:00
NxxWCKb2ITT7AZNRJr62i,2026-09-24T13:45:00+08:00,23,0,2026-09-24T13:47:22+08:00
O0tD3rcKdjI7dYB4ynfr9,2026-09-24T13:45:00+08:00,40,0,2026-09-24T13:47:22+08:00
O8i7stfNTU2DydWZdkUIo,2026-09-24T13:45:00+08:00,28,0,2026-09-24T13:47:22+08:00
RF0gfHIWDuNybfYfPOZgU,2026-09-24T13:45:00+08:00,42,0,2026-09-24T13:47:22+08:00
TAmdBcFXigZ5kPnh97Qju,2026-09-24T13:45:00+08:00,21,0,2026-09-24T13:47:22+08:00
Vg6a1NAMJ9yjL5wmJ4ZnS,2026-09-24T13:45:00+08:00,50,0,2026-09-24T13:47:22+08:00
XE4W6nShDirkLifR7aY2H,2026-09-24T13:45:00+08:00,18,0,2026-09-24T13:47:22+08:00
XcptrxSXxwEMzzOdhC4e8,2026-09-24T13:45:00+08:00,33,0,2026-09-24T13:47:22+08:00
gWsom5XND7y31xUHffKIx,2026-09-24T13:45:00+08:00,29,0,2026-09-24T13:47:22+08:00
hU7dxBlZvxIP6xF1sBF4g,2026-09-24T13:45:00+08:00,39,0,2026-09-24T13:47:22+08:00
jURxKTJdKAknCAn3BdZBu,2026-09-24T13:45:00+08:00,18,0,2026-09-24T13:47:22+08:00
kWpNPgv8vJ7oY5hM0EGBj,2026-09-24T13:45:00+08:00,23,0,2026-09-24T13:47:22+08:00
kvKdTkljhfoINMtsxkLwR,2026-09-24T13:45:00+08:00,30,0,2026-09-24T13:47:22+08:00
lGqA6LMJhSPHrUSA9gCBW,2026-09-24T13:45:00+08:00,39,0,2026-09-24T13:47:22+08:00
mTU4h0cnQo7ZfHBye4laR,2026-09-24T13:45:00+08:00,46,0,2026-09-24T13:47:22+08:00
oGyEo8DlMkhqGwHAHyrX2,2026-09-24T13:45:00+08:00,49,0,2026-09-24T13:47:22+08:00
qBwKt6mp7ouMiEuoQHyrX,2026-09-24T13:45:00+08:00,43,0,2026-09-24T13:47:22+08:00
rSfmQ2HygLUCIJZ4YBXhZ,2026-09-24T13:45:00+08:00,33,0,2026-09-24T13:47:22+08:00
sm9l6v5egLq8LmDAxaD35,2026-09-24T13:45:00+08:00,26,0,2026-09-24T13:47:22+08:00
vmM6pa4n1ZoW3cjsr2i8t,2026-09-24T13:45:00+08:00,14,0,2026-09-24T13:47:22+08:00
yI42qVqT0Klxyp97GlSFv,2026-09-24T13:45:00+08:00,63,0,2026-09-24T13:47:22+08:00
zz7zliifcVF7RjIBrHrWW,2026-09-24T13:45:00+08:00,38,0,2026-09-24T13:47:22+08:00
7pUkepD2XsWDHOO92bNyP,2026-09-24T14:00:00+08:00,74,0,2026-09-24T14:10:46+08:00
AosIo96hMLnNe4cZ5LESn,2026-09-24T14:00:00+08:00,33,0,2026-09-24T14:10:46+08:00
CdGlAWLw4cIllzFlL2be0,2026-09-24T14:00:00+08:00,60,0,2026-09-24T14:10:46+08:00
EcBGtBDRSadwhso2WV0Tk,2026-09-24T14:00:00+08:00,35,0,2026-09-24T14:10:46+08:00
FOoCS3RzGgcLYcRzdOFV1,2026-09-24T14:00:00+08:00,23,0,2026-09-24T14:10:46+08:00
FrQe2ueU3hIaPAAh8snYW,2026-09-24T14:00:00+08:00,25,0,2026-09-24T14:10:46+08:00
L6PijvT6exaVezC2I6Vvg,2026-09-24T14:00:00+08:00,24,0,2026-09-24T14:10:46+08:00
LH8LXZ2I67YVHplh5HTUG,2026-09-24T14:00:00+08:00,28,0,2026-09-24T14:10:46+08:00
NxxWCKb2ITT7AZNRJr62i,2026-09-24T14:00:00+08:00,35,0,2026-09-24T14:10:46+08:00
O0tD3rcKdjI7dYB4ynfr9,2026-09-24T14:00:00+08:00,28,0,2026-09-24T14:10:46+08:00
O8i7stfNTU2DydWZdkUIo,2026-09-24T14:00:00+08:00,32,0,2026-09-24T14:10:46+08:00
RF0gfHIWDuNybfYfPOZgU,2026-09-24T14:00:00+08:00,42,0,2026-09-24T14:10:46+08:00
TAmdBcFXigZ5kPnh97Qju,2026-09-24T14:00:00+08:00,17,0,2026-09-24T14:10:46+08:00
Vg6a1NAMJ9yjL5wmJ4ZnS,2026-09-24T14:00:00+08:00,43,0,2026-09-24T14:10:46+08:00
XE4W6nShDirkLifR7aY2H,2026-09-24T14:00:00+08:00,18,0,2026-09-24T14:10:46+08:00
XcptrxSXxwEMzzOdhC4e8,2026-09-24T14:00:00+08:00,37,0,2026-09-24T14:10:46+08:00
gWsom5XND7y31xUHffKIx,2026-09-24T14:00:00+08:00,24,0,2026-09-24T14:10:46+08:00
hU7dxBlZvxIP6xF1sBF4g,2026-09-24T14:00:00+08:00,38,0,2026-09-24T14:10:46+08:00
jURxKTJdKAknCAn3BdZBu,2026-09-24T14:00:00+08:00,18,0,2026-09-24T14:10:46+08:00
kWpNPgv8vJ7oY5hM0EGBj,2026-09-24T14:00:00+08:00,25,0,2026-09-24T14:10:46+08:00
kvKdTkljhfoINMtsxkLwR,2026-09-24T14:00:00+08:00,31,0,2026-09-24T14:10:46+08:00
lGqA6LMJhSPHrUSA9gCBW,2026-09-24T14:00:00+08:00,42,0,2026-09-24T14:10:46+08:00
mTU4h0cnQo7ZfHBye4laR,2026-09-24T14:00:00+08:00,49,0,2026-09-24T14:10:46+08:00
oGyEo8DlMkhqGwHAHyrX2,2026-09-24T14:00:00+08:00,56,0,2026-09-24T14:10:46+08:00
qBwKt6mp7ouMiEuoQHyrX,2026-09-24T14:00:00+08:00,41,0,2026-09-24T14:10:46+08:00
rSfmQ2HygLUCIJZ4YBXhZ,2026-09-24T14:00:00+08:00,38,0,2026-09-24T14:10:46+08:00
sm9l6v5egLq8LmDAxaD35,2026-09-24T14:00:00+08:00,28,0,2026-09-24T14:10:46+08:00
vmM6pa4n1ZoW3cjsr2i8t,2026-09-24T14:00:00+08:00,14,0,2026-09-24T14:10:46+08:00
yI42qVqT0Klxyp97GlSFv,2026-09-24T14:00:00+08:00,43,0,2026-09-24T14:10:46+08:00
zz7zliifcVF7RjIBrHrWW,2026-09-24T14:00:00+08:00,45,0,2026-09-24T14:10:46+08:00
7pUkepD2XsWDHOO92bNyP,2026-09-24T14:15:00+08:00,69,0,2026-09-24T14:27:46+08:00
AosIo96hMLnNe4cZ5LESn,2026-09-24T14:15:00+08:00,35,0,2026-09-24T14:27:46+08:00
CdGlAWLw4cIllzFlL2be0,2026-09-24T14:15:00+08:00,61,0,2026-09-24T14:27:46+08:00
EcBGtBDRSadwhso2WV0Tk,2026-09-24T14:15:00+08:00,40,0,2026-09-24T14:27:46+08:00
FOoCS3RzGgcLYcRzdOFV1,2026-09-24T14:15:00+08:00,25,0,2026-09-24T14:27:46+08:00
FrQe2ueU3hIaPAAh8snYW,2026-09-24T14:15:00+08:00,25,0,2026-09-24T14:27:46+08:00
L6PijvT6exaVezC2I6Vvg,2026-09-24T14:15:00+08:00,30,0,2026-09-24T14:27:46+08:00
LH8LXZ2I67YVHplh5HTUG,2026-09-24T14:15:00+08:00,27,0,2026-09-24T14:27:46+08:00
NxxWCKb2ITT7AZNRJr62i,2026-09-24T14:15:00+08:00,37,0,2026-09-24T14:27:46+08:00
O0tD3rcKdjI7dYB4ynfr9,2026-09-24T14:15:00+08:00,37,0,2026-09-24T14:27:46+08:00
O8i7stfNTU2DydWZdkUIo,2026-09-24T14:15:00+08:00,32,0,2026-09-24T14:27:46+08:00
RF0gfHIWDuNybfYfPOZgU,2026-09-24T14:15:00+08:00,46,0,2026-09-24T14:27:46+08:00
TAmdBcFXigZ5kPnh97Qju,2026-09-24T14:15:00+08:00,25,0,2026-09-24T14:27:46+08:00
Vg6a1NAMJ9yjL5wmJ4ZnS,2026-09-24T14:15:00+08:00,47,0,2026-09-24T14:27:46+08:00
XE4W6nShDirkLifR7aY2H,2026-09-24T14:15:00+08:00,18,0,2026-09-24T14:27:46+08:00
XcptrxSXxwEMzzOdhC4e8,2026-09-24T14:15:00+08:00,38,0,2026-09-24T14:27:46+08:00
gWsom5XND7y31xUHffKIx,2026-09-24T14:15:00+08:00,24,0,2026-09-24T14:27:46+08:00
hU7dxBlZvxIP6xF1sBF4g,2026-09-24T14:15:00+08:00,49,0,2026-09-24T14:27:46+08:00
jURxKTJdKAknCAn3BdZBu,2026-09-24T14:15:00+08:00,19,0,2026-09-24T14:27:46+08:00
kWpNPgv8vJ7oY5hM0EGBj,2026-09-24T14:15:00+08:00,29,0,2026-09-24T14:27:46+08:00
kvKdTkljhfoINMtsxkLwR,2026-09-24T14:15:00+08:00,37,0,2026-09-24T14:27:46+08:00
lGqA6LMJhSPHrUSA9gCBW,2026-09-24T14:15:00+08:00,49,0,2026-09-24T14:27:46+08:00
mTU4h0cnQo7ZfHBye4laR,2026-09-24T14:15:00+08:00,45,0,2026-09-24T14:27:46+08:00
oGyEo8DlMkhqGwHAHyrX2,2026-09-24T14:15:00+08:00,58,0,2026-09-24T14:27:46+08:00
qBwKt6mp7ouMiEuoQHyrX,2026-09-24T14:15:00+08:00,41,0,2026-09-24T14:27:46+08:00
rSfmQ2HygLUCIJZ4YBXhZ,2026-09-24T14:15:00+08:00,36,0,2026-09-24T14:27:46+08:00
sm9l6v5egLq8LmDAxaD35,2026-09-24T14:15:00+08:00,27,0,2026-09-24T14:27:46+08:00
vmM6pa4n1ZoW3cjsr2i8t,2026-09-24T14:15:00+08:00,16,0,2026-09-24T14:27:46+08:00
yI42qVqT0Klxyp97GlSFv,2026-09-24T14:15:00+08:00,48,0,2026-09-24T14:27:46+08:00
zz7zliifcVF7RjIBrHrWW,2026-09-24T14:15:00+08:00,42,0,2026-09-24T14:27:46+08:00
7pUkepD2XsWDHOO92bNyP,2026-09-24T14:30:00+08:00,65,0,2026-09-24T14:40:29+08:00
AosIo96hMLnNe4cZ5LESn,2026-09-24T14:30:00+08:00,36,0,2026-09-24T14:40:29+08:00
CdGlAWLw4cIllzFlL2be0,2026-09-24T14:30:00+08:00,56,0,2026-09-24T14:40:29+08:00
EcBGtBDRSadwhso2WV0Tk,2026-09-24T14:30:00+08:00,46,0,2026-09-24T14:40:29+08:00
FOoCS3RzGgcLYcRzdOFV1,2026-09-24T14:30:00+08:00,21,0,2026-09-24T14:40:29+08:00
FrQe2ueU3hIaPAAh8snYW,2026-09-24T14:30:00+08:00,24,0,2026-09-24T14:40:29+08:00
L6PijvT6exaVezC2I6Vvg,2026-09-24T14:30:00+08:00,27,0,2026-09-24T14:40:29+08:00
LH8LXZ2I67YVHplh5HTUG,2026-09-24T14:30:00+08:00,26,0,2026-09-24T14:40:29+08:00
NxxWCKb2ITT7AZNRJr62i,2026-09-24T14:30:00+08:00,35,0,2026-09-24T14:40:29+08:00
O0tD3rcKdjI7dYB4ynfr9,2026-09-24T14:30:00+08:00,35,0,2026-09-24T14:40:29+08:00
O8i7stfNTU2DydWZdkUIo,2026-09-24T14:30:00+08:00,31,0,2026-09-24T14:40:29+08:00
RF0gfHIWDuNybfYfPOZgU,2026-09-24T14:30:00+08:00,46,0,2026-09-24T14:40:29+08:00
TAmdBcFXigZ5kPnh97Qju,2026-09-24T14:30:00+08:00,30,0,2026-09-24T14:40:29+08:00
Vg6a1NAMJ9yjL5wmJ4ZnS,2026-09-24T14:30:00+08:00,47,0,2026-09-24T14:40:29+08:00
XE4W6nShDirkLifR7aY2H,2026-09-24T14:30:00+08:00,9,0,2026-09-24T14:40:29+08:00
XcptrxSXxwEMzzOdhC4e8,2026-09-24T14:30:00+08:00,38,0,2026-09-24T14:40:29+08:00
gWsom5XND7y31xUHffKIx,2026-09-24T14:30:00+08:00,24,0,2026-09-24T14:40:29+08:00
hU7dxBlZvxIP6xF1sBF4g,2026-09-24T14:30:00+08:00,51,0,2026-09-24T14:40:29+08:00
jURxKTJdKAknCAn3BdZBu,2026-09-24T14:30:00+08:00,16,0,2026-09-24T14:40:29+08:00
kWpNPgv8vJ7oY5hM0EGBj,2026-09-24T14:30:00+08:00,30,0,2026-09-24T14:40:29+08:00
kvKdTkljhfoINMtsxkLwR,2026-09-24T14:30:00+08:00,37,0,2026-09-24T14:40:29+08:00
lGqA6LMJhSPHrUSA9gCBW,2026-09-24T14:30:00+08:00,51,0,2026-09-24T14:40:29+08:00
mTU4h0cnQo7ZfHBye4laR,2026-09-24T14:30:00+08:00,46,0,2026-09-24T14:40:29+08:00
oGyEo8DlMkhqGwHAHyrX2,2026-09-24T14:30:00+08:00,52,0,2026-09-24T14:40:29+08:00
qBwKt6mp7ouMiEuoQHyrX,2026-09-24T14:30:00+08:00,44,0,2026-09-24T14:40:29+08:00
rSfmQ2HygLUCIJZ4YBXhZ,2026-09-24T14:30:00+08:00,39,0,2026-09-24T14:40:29+08:00
sm9l6v5egLq8LmDAxaD35,2026-09-24T14:30:00+08:00,28,0,2026-09-24T14:40:29+08:00
vmM6pa4n1ZoW3cjsr2i8t,2026-09-24T14:30:00+08:00,19,0,2026-09-24T14:40:29+08:00
yI42qVqT0Klxyp97GlSFv,2026-09-24T14:30:00+08:00,53,0,2026-09-24T14:40:29+08:00
zz7zliifcVF7RjIBrHrWW,2026-09-24T14:30:00+08:00,45,0,2026-09-24T14:40:29+08:00
7pUkepD2XsWDHOO92bNyP,2026-09-24T14:45:00+08:00,69,0,2026-09-24T14:52:50+08:00
AosIo96hMLnNe4cZ5LESn,2026-09-24T14:45:00+08:00,34,0,2026-09-24T14:52:50+08:00
CdGlAWLw4cIllzFlL2be0,2026-09-24T14:45:00+08:00,56,0,2026-09-24T14:52:50+08:00
EcBGtBDRSadwhso2WV0Tk,2026-09-24T14:45:00+08:00,38,0,2026-09-24T14:52:50+08:00
FOoCS3RzGgcLYcRzdOFV1,2026-09-24T14:45:00+08:00,24,0,2026-09-24T14:52:50+08:00
FrQe2ueU3hIaPAAh8snYW,2026-09-24T14:45:00+08:00,25,0,2026-09-24T14:52:50+08:00
L6PijvT6exaVezC2I6Vvg,2026-09-24T14:45:00+08:00,29,0,2026-09-24T14:52:50+08:00
LH8LXZ2I67YVHplh5HTUG,2026-09-24T14:45:00+08:00,27,0,2026-09-24T14:52:50+08:00
NxxWCKb2ITT7AZNRJr62i,2026-09-24T14:45:00+08:00,33,0,2026-09-24T14:52:50+08:00
O0tD3rcKdjI7dYB4ynfr9,2026-09-24T14:45:00+08:00,35,0,2026-09-24T14:52:50+08:00
O8i7stfNTU2DydWZdkUIo,2026-09-24T14:45:00+08:00,31,0,2026-09-24T14:52:50+08:00
RF0gfHIWDuNybfYfPOZgU,2026-09-24T14:45:00+08:00,53,0,2026-09-24T14:52:50+08:00
TAmdBcFXigZ5kPnh97Qju,2026-09-24T14:45:00+08:00,32,0,2026-09-24T14:52:50+08:00
Vg6a1NAMJ9yjL5wmJ4ZnS,2026-09-24T14:45:00+08:00,40,0,2026-09-24T14:52:50+08:00
XE4W6nShDirkLifR7aY2H,2026-09-24T14:45:00+08:00,11,0,2026-09-24T14:52:50+08:00
XcptrxSXxwEMzzOdhC4e8,2026-09-24T14:45:00+08:00,43,0,2026-09-24T14:52:50+08:00
gWsom5XND7y31xUHffKIx,2026-09-24T14:45:00+08:00,27,0,2026-09-24T14:52:50+08:00
hU7dxBlZvxIP6xF1sBF4g,2026-09-24T14:45:00+08:00,51,0,2026-09-24T14:52:50+08:00
jURxKTJdKAknCAn3BdZBu,2026-09-24T14:45:00+08:00,16,0,2026-09-24T14:52:50+08:00
kWpNPgv8vJ7oY5hM0EGBj,2026-09-24T14:45:00+08:00,38,0,2026-09-24T14:52:50+08:00
kvKdTkljhfoINMtsxkLwR,2026-09-24T14:45:00+08:00,39,0,2026-09-24T14:52:50+08:00
lGqA6LMJhSPHrUSA9gCBW,2026-09-24T14:45:00+08:00,56,0,2026-09-24T14:52:50+08:00
mTU4h0cnQo7ZfHBye4laR,2026-09-24T14:45:00+08:00,41,0,2026-09-24T14:52:50+08:00
oGyEo8DlMkhqGwHAHyrX2,2026-09-24T14:45:00+08:00,55,0,2026-09-24T14:52:50+08:00
qBwKt6mp7ouMiEuoQHyrX,2026-09-24T14:45:00+08:00,47,0,2026-09-24T14:52:50+08:00
rSfmQ2HygLUCIJZ4YBXhZ,2026-09-24T14:45:00+08:00,52,0,2026-09-24T14:52:50+08:00
sm9l6v5egLq8LmDAxaD35,2026-09-24T14:45:00+08:00,34,0,2026-09-24T14:52:50+08:00
vmM6pa4n1ZoW3cjsr2i8t,2026-09-24T14:45:00+08:00,18,0,2026-09-24T14:52:50+08:00
yI42qVqT0Klxyp97GlSFv,2026-09-24T14:45:00+08:00,48,0,2026-09-24T14:52:50+08:00
zz7zliifcVF7RjIBrHrWW,2026-09-24T14:45:00+08:00,52,0,2026-09-24T14:52:50+08:00
7pUkepD2XsWDHOO92bNyP,2026-09-24T15:00:00+08:00,65,0,2026-09-24T15:07:46+08:00
AosIo96hMLnNe4cZ5LESn,2026-09-24T15:00:00+08:00,39,0,2026-09-24T15:07:46+08:00
CdGlAWLw4cIllzFlL2be0,2026-09-24T15:00:00+08:00,54,0,2026-09-24T15:07:46+08:00
EcBGtBDRSadwhso2WV0Tk,2026-09-24T15:00:00+08:00,37,0,2026-09-24T15:07:46+08:00
FOoCS3RzGgcLYcRzdOFV1,2026-09-24T15:00:00+08:00,26,0,2026-09-24T15:07:46+08:00
FrQe2ueU3hIaPAAh8snYW,2026-09-24T15:00:00+08:00,25,0,2026-09-24T15:07:46+08:00
L6PijvT6exaVezC2I6Vvg,2026-09-24T15:00:00+08:00,32,0,2026-09-24T15:07:46+08:00
LH8LXZ2I67YVHplh5HTUG,2026-09-24T15:00:00+08:00,27,0,2026-09-24T15:07:46+08:00
NxxWCKb2ITT7AZNRJr62i,2026-09-24T15:00:00+08:00,37,0,2026-09-24T15:07:46+08:00
O0tD3rcKdjI7dYB4ynfr9,2026-09-24T15:00:00+08:00,33,0,2026-09-24T15:07:46+08:00
O8i7stfNTU2DydWZdkUIo,2026-09-24T15:00:00+08:00,35,0,2026-09-24T15:07:46+08:00
RF0gfHIWDuNybfYfPOZgU,2026-09-24T15:00:00+08:00,56,0,2026-09-24T15:07:46+08:00
TAmdBcFXigZ5kPnh97Qju,2026-09-24T15:00:00+08:00,29,0,2026-09-24T15:07:46+08:00
Vg6a1NAMJ9yjL5wmJ4ZnS,2026-09-24T15:00:00+08:00,40,0,2026-09-24T15:07:46+08:00
XE4W6nShDirkLifR7aY2H,2026-09-24T15:00:00+08:00,18,0,2026-09-24T15:07:46+08:00
XcptrxSXxwEMzzOdhC4e8,2026-09-24T15:00:00+08:00,45,0,2026-09-24T15:07:46+08:00
gWsom5XND7y31xUHffKIx,2026-09-24T15:00:00+08:00,21,0,2026-09-24T15:07:46+08:00
hU7dxBlZvxIP6xF1sBF4g,2026-09-24T15:00:00+08:00,54,0,2026-09-24T15:07:46+08:00
jURxKTJdKAknCAn3BdZBu,2026-09-24T15:00:00+08:00,19,0,2026-09-24T15:07:46+08:00
kWpNPgv8vJ7oY5hM0EGBj,2026-09-24T15:00:00+08:00,39,0,2026-09-24T15:07:46+08:00
kvKdTkljhfoINMtsxkLwR,2026-09-24T15:00:00+08:00,40,0,2026-09-24T15:07:46+08:00
lGqA6LMJhSPHrUSA9gCBW,2026-09-24T15:00:00+08:00,56,0,2026-09-24T15:07:46+08:00
mTU4h0cnQo7ZfHBye4laR,2026-09-24T15:00:00+08:00,41,0,2026-09-24T15:07:46+08:00
oGyEo8DlMkhqGwHAHyrX2,2026-09-24T15:00:00+08:00,54,0,2026-09-24T15:07:46+08:00
qBwKt6mp7ouMiEuoQHyrX,2026-09-24T15:00:00+08:00,54,0,2026-09-24T15:07:46+08:00
rSfmQ2HygLUCIJZ4YBXhZ,2026-09-24T15:00:00+08:00,57,0,2026-09-24T15:07:46+08:00
sm9l6v5egLq8LmDAxaD35,2026-09-24T15:00:00+08:00,41,0,2026-09-24T15:07:46+08:00
vmM6pa4n1ZoW3cjsr2i8t,2026-09-24T15:00:00+08:00,23,0,2026-09-24T15:07:46+08:00
yI42qVqT0Klxyp97GlSFv,2026-09-24T15:00:00+08:00,48,0,2026-09-24T15:07:46+08:00
zz7zliifcVF7RjIBrHrWW,2026-09-24T15:00:00+08:00,38,0,2026-09-24T15:07:46+08:00
7pUkepD2XsWDHOO92bNyP,2026-09-24T15:30:00+08:00,57,0,2026-09-24T15:31:17+08:00
AosIo96hMLnNe4cZ5LESn,2026-09-24T15:30:00+08:00,41,0,2026-09-24T15:31:17+08:00
CdGlAWLw4cIllzFlL2be0,2026-09-24T15:30:00+08:00,56,0,2026-09-24T15:31:17+08:00
EcBGtBDRSadwhso2WV0Tk,2026-09-24T15:30:00+08:00,40,0,2026-09-24T15:31:17+08:00
FOoCS3RzGgcLYcRzdOFV1,2026-09-24T15:30:00+08:00,29,0,2026-09-24T15:31:17+08:00
FrQe2ueU3hIaPAAh8snYW,2026-09-24T15:30:00+08:00,32,0,2026-09-24T15:31:17+08:00
L6PijvT6exaVezC2I6Vvg,2026-09-24T15:30:00+08:00,36,0,2026-09-24T15:31:17+08:00
LH8LXZ2I67YVHplh5HTUG,2026-09-24T15:30:00+08:00,32,0,2026-09-24T15:31:17+08:00
NxxWCKb2ITT7AZNRJr62i,2026-09-24T15:30:00+08:00,37,0,2026-09-24T15:31:17+08:00
O0tD3rcKdjI7dYB4ynfr9,2026-09-24T15:30:00+08:00,33,0,2026-09-24T15:31:17+08:00
O8i7stfNTU2DydWZdkUIo,2026-09-24T15:30:00+08:00,40,0,2026-09-24T15:31:17+08:00
RF0gfHIWDuNybfYfPOZgU,2026-09-24T15:30:00+08:00,47,0,2026-09-24T15:31:17+08:00
TAmdBcFXigZ5kPnh97Qju,2026-09-24T15:30:00+08:00,30,0,2026-09-24T15:31:17+08:00
Vg6a1NAMJ9yjL5wmJ4ZnS,2026-09-24T15:30:00+08:00,37,0,2026-09-24T15:31:17+08:00
XE4W6nShDirkLifR7aY2H,2026-09-24T15:30:00+08:00,29,0,2026-09-24T15:31:17+08:00
XcptrxSXxwEMzzOdhC4e8,2026-09-24T15:30:00+08:00,50,0,2026-09-24T15:31:17+08:00
gWsom5XND7y31xUHffKIx,2026-09-24T15:30:00+08:00,23,0,2026-09-24T15:31:17+08:00
hU7dxBlZvxIP6xF1sBF4g,2026-09-24T15:30:00+08:00,64,0,2026-09-24T15:31:17+08:00
jURxKTJdKAknCAn3BdZBu,2026-09-24T15:30:00+08:00,19,0,2026-09-24T15:31:17+08:00
kWpNPgv8vJ7oY5hM0EGBj,2026-09-24T15:30:00+08:00,37,0,2026-09-24T15:31:17+08:00
kvKdTkljhfoINMtsxkLwR,2026-09-24T15:30:00+08:00,33,0,2026-09-24T15:31:17+08:00
lGqA6LMJhSPHrUSA9gCBW,2026-09-24T15:30:00+08:00,50,0,2026-09-24T15:31:17+08:00
mTU4h0cnQo7ZfHBye4laR,2026-09-24T15:30:00+08:00,41,0,2026-09-24T15:31:17+08:00
oGyEo8DlMkhqGwHAHyrX2,2026-09-24T15:30:00+08:00,63,0,2026-09-24T15:31:17+08:00
qBwKt6mp7ouMiEuoQHyrX,2026-09-24T15:30:00+08:00,54,0,2026-09-24T15:31:17+08:00
rSfmQ2HygLUCIJZ4YBXhZ,2026-09-24T15:30:00+08:00,62,0,2026-09-24T15:31:17+08:00
sm9l6v5egLq8LmDAxaD35,2026-09-24T15:30:00+08:00,40,0,2026-09-24T15:31:17+08:00
vmM6pa4n1ZoW3cjsr2i8t,2026-09-24T15:30:00+08:00,27,0,2026-09-24T15:31:17+08:00
yI42qVqT0Klxyp97GlSFv,2026-09-24T15:30:00+08:00,43,0,2026-09-24T15:31:17+08:00
zz7zliifcVF7RjIBrHrWW,2026-09-24T15:30:00+08:00,40,0,2026-09-24T15:31:17+08:00
7pUkepD2XsWDHOO92bNyP,2026-09-24T15:45:00+08:00,58,0,2026-09-24T15:51:27+08:00
AosIo96hMLnNe4cZ5LESn,2026-09-24T15:45:00+08:00,47,0,2026-09-24T15:51:27+08:00
CdGlAWLw4cIllzFlL2be0,2026-09-24T15:45:00+08:00,53,0,2026-09-24T15:51:27+08:00
EcBGtBDRSadwhso2WV0Tk,2026-09-24T15:45:00+08:00,45,0,2026-09-24T15:51:27+08:00
FOoCS3RzGgcLYcRzdOFV1,2026-09-24T15:45:00+08:00,30,0,2026-09-24T15:51:27+08:00
FrQe2ueU3hIaPAAh8snYW,2026-09-24T15:45:00+08:00,40,0,2026-09-24T15:51:27+08:00
L6PijvT6exaVezC2I6Vvg,2026-09-24T15:45:00+08:00,40,0,2026-09-24T15:51:27+08:00
LH8LXZ2I67YVHplh5HTUG,2026-09-24T15:45:00+08:00,31,0,2026-09-24T15:51:27+08:00
NxxWCKb2ITT7AZNRJr62i,2026-09-24T15:45:00+08:00,37,0,2026-09-24T15:51:27+08:00
O0tD3rcKdjI7dYB4ynfr9,2026-09-24T15:45:00+08:00,53,0,2026-09-24T15:51:27+08:00
O8i7stfNTU2DydWZdkUIo,2026-09-24T15:45:00+08:00,41,0,2026-09-24T15:51:27+08:00
RF0gfHIWDuNybfYfPOZgU,2026-09-24T15:45:00+08:00,73,0,2026-09-24T15:51:27+08:00
TAmdBcFXigZ5kPnh97Qju,2026-09-24T15:45:00+08:00,37,0,2026-09-24T15:51:27+08:00
Vg6a1NAMJ9yjL5wmJ4ZnS,2026-09-24T15:45:00+08:00,40,0,2026-09-24T15:51:27+08:00
XE4W6nShDirkLifR7aY2H,2026-09-24T15:45:00+08:00,31,0,2026-09-24T15:51:27+08:00
XcptrxSXxwEMzzOdhC4e8,2026-09-24T15:45:00+08:00,48,0,2026-09-24T15:51:27+08:00
gWsom5XND7y31xUHffKIx,2026-09-24T15:45:00+08:00,29,0,2026-09-24T15:51:27+08:00
hU7dxBlZvxIP6xF1sBF4g,2026-09-24T15:45:00+08:00,66,0,2026-09-24T15:51:27+08:00
jURxKTJdKAknCAn3BdZBu,2026-09-24T15:45:00+08:00,18,0,2026-09-24T15:51:27+08:00
kWpNPgv8vJ7oY5hM0EGBj,2026-09-24T15:45:00+08:00,40,0,2026-09-24T15:51:27+08:00
kvKdTkljhfoINMtsxkLwR,2026-09-24T15:45:00+08:00,31,0,2026-09-24T15:51:27+08:00
lGqA6LMJhSPHrUSA9gCBW,2026-09-24T15:45:00+08:00,41,0,2026-09-24T15:51:27+08:00
mTU4h0cnQo7ZfHBye4laR,2026-09-24T15:45:00+08:00,45,0,2026-09-24T15:51:27+08:00
oGyEo8DlMkhqGwHAHyrX2,2026-09-24T15:45:00+08:00,63,0,2026-09-24T15:51:27+08:00
qBwKt6mp7ouMiEuoQHyrX,2026-09-24T15:45:00+08:00,51,0,2026-09-24T15:51:27+08:00
rSfmQ2HygLUCIJZ4YBXhZ,2026-09-24T15:45:00+08:00,67,0,2026-09-24T15:51:27+08:00
sm9l6v5egLq8LmDAxaD35,2026-09-24T15:45:00+08:00,47,0,2026-09-24T15:51:27+08:00
vmM6pa4n1ZoW3cjsr2i8t,2026-09-24T15:45:00+08:00,30,0,2026-09-24T15:51:27+08:00
yI42qVqT0Klxyp97GlSFv,2026-09-24T15:45:00+08:00,55,0,2026-09-24T15:51:27+08:00
zz7zliifcVF7RjIBrHrWW,2026-09-24T15:45:00+08:00,46,0,2026-09-24T15:51:27+08:00
7pUkepD2XsWDHOO92bNyP,2026-09-24T16:00:00+08:00,68,0,2026-09-24T16:05:12+08:00
AosIo96hMLnNe4cZ5LESn,2026-09-24T16:00:00+08:00,48,0,2026-09-24T16:05:12+08:00
CdGlAWLw4cIllzFlL2be0,2026-09-24T16:00:00+08:00,48,0,2026-09-24T16:05:12+08:00
EcBGtBDRSadwhso2WV0Tk,2026-09-24T16:00:00+08:00,45,0,2026-09-24T16:05:12+08:00
FOoCS3RzGgcLYcRzdOFV1,2026-09-24T16:00:00+08:00,31,0,2026-09-24T16:05:12+08:00
FrQe2ueU3hIaPAAh8snYW,2026-09-24T16:00:00+08:00,41,0,2026-09-24T16:05:12+08:00
L6PijvT6exaVezC2I6Vvg,2026-09-24T16:00:00+08:00,45,0,2026-09-24T16:05:12+08:00
LH8LXZ2I67YVHplh5HTUG,2026-09-24T16:00:00+08:00,31,0,2026-09-24T16:05:12+08:00
NxxWCKb2ITT7AZNRJr62i,2026-09-24T16:00:00+08:00,38,0,2026-09-24T16:05:12+08:00
O0tD3rcKdjI7dYB4ynfr9,2026-09-24T16:00:00+08:00,52,0,2026-09-24T16:05:12+08:00
O8i7stfNTU2DydWZdkUIo,2026-09-24T16:00:00+08:00,43,0,2026-09-24T16:05:12+08:00
RF0gfHIWDuNybfYfPOZgU,2026-09-24T16:00:00+08:00,72,0,2026-09-24T16:05:12+08:00
TAmdBcFXigZ5kPnh97Qju,2026-09-24T16:00:00+08:00,37,0,2026-09-24T16:05:12+08:00
Vg6a1NAMJ9yjL5wmJ4ZnS,2026-09-24T16:00:00+08:00,43,0,2026-09-24T16:05:12+08:00
XE4W6nShDirkLifR7aY2H,2026-09-24T16:00:00+08:00,29,0,2026-09-24T16:05:12+08:00
XcptrxSXxwEMzzOdhC4e8,2026-09-24T16:00:00+08:00,53,0,2026-09-24T16:05:12+08:00
gWsom5XND7y31xUHffKIx,2026-09-24T16:00:00+08:00,29,0,2026-09-24T16:05:12+08:00
hU7dxBlZvxIP6xF1sBF4g,2026-09-24T16:00:00+08:00,65,0,2026-09-24T16:05:12+08:00
jURxKTJdKAknCAn3BdZBu,2026-09-24T16:00:00+08:00,17,0,2026-09-24T16:05:12+08:00
kWpNPgv8vJ7oY5hM0EGBj,2026-09-24T16:00:00+08:00,32,0,2026-09-24T16:05:12+08:00
kvKdTkljhfoINMtsxkLwR,2026-09-24T16:00:00+08:00,35,0,2026-09-24T16:05:12+08:00
lGqA6LMJhSPHrUSA9gCBW,2026-09-24T16:00:00+08:00,37,0,2026-09-24T16:05:12+08:00
mTU4h0cnQo7ZfHBye4laR,2026-09-24T16:00:00+08:00,44,0,2026-09-24T16:05:12+08:00
oGyEo8DlMkhqGwHAHyrX2,2026-09-24T16:00:00+08:00,61,0,2026-09-24T16:05:12+08:00
qBwKt6mp7ouMiEuoQHyrX,2026-09-24T16:00:00+08:00,49,0,2026-09-24T16:05:12+08:00
rSfmQ2HygLUCIJZ4YBXhZ,2026-09-24T16:00:00+08:00,74,0,2026-09-24T16:05:12+08:00
sm9l6v5egLq8LmDAxaD35,2026-09-24T16:00:00+08:00,44,0,2026-09-24T16:05:12+08:00
vmM6pa4n1ZoW3cjsr2i8t,2026-09-24T16:00:00+08:00,33,0,2026-09-24T16:05:12+08:00
yI42qVqT0Klxyp97GlSFv,2026-09-24T16:00:00+08:00,55,0,2026-09-24T16:05:12+08:00
zz7zliifcVF7RjIBrHrWW,2026-09-24T16:00:00+08:00,43,0,2026-09-24T16:05:12+08:00
7pUkepD2XsWDHOO92bNyP,2026-09-24T16:15:00+08:00,71,0,2026-09-24T16:29:15+08:00
AosIo96hMLnNe4cZ5LESn,2026-09-24T16:15:00+08:00,52,0,2026-09-24T16:29:15+08:00
CdGlAWLw4cIllzFlL2be0,2026-09-24T16:15:00+08:00,47,0,2026-09-24T16:29:15+08:00
EcBGtBDRSadwhso2WV0Tk,2026-09-24T16:15:00+08:00,41,0,2026-09-24T16:29:15+08:00
FOoCS3RzGgcLYcRzdOFV1,2026-09-24T16:15:00+08:00,34,0,2026-09-24T16:29:15+08:00
FrQe2ueU3hIaPAAh8snYW,2026-09-24T16:15:00+08:00,40,0,2026-09-24T16:29:15+08:00
L6PijvT6exaVezC2I6Vvg,2026-09-24T16:15:00+08:00,48,0,2026-09-24T16:29:15+08:00
LH8LXZ2I67YVHplh5HTUG,2026-09-24T16:15:00+08:00,31,0,2026-09-24T16:29:15+08:00
NxxWCKb2ITT7AZNRJr62i,2026-09-24T16:15:00+08:00,38,0,2026-09-24T16:29:15+08:00
O0tD3rcKdjI7dYB4ynfr9,2026-09-24T16:15:00+08:00,58,0,2026-09-24T16:29:15+08:00
O8i7stfNTU2DydWZdkUIo,2026-09-24T16:15:00+08:00,40,0,2026-09-24T16:29:15+08:00
RF0gfHIWDuNybfYfPOZgU,2026-09-24T16:15:00+08:00,71,0,2026-09-24T16:29:15+08:00
TAmdBcFXigZ5kPnh97Qju,2026-09-24T16:15:00+08:00,37,0,2026-09-24T16:29:15+08:00
Vg6a1NAMJ9yjL5wmJ4ZnS,2026-09-24T16:15:00+08:00,47,0,2026-09-24T16:29:15+08:00
XE4W6nShDirkLifR7aY2H,2026-09-24T16:15:00+08:00,31,0,2026-09-24T16:29:15+08:00
XcptrxSXxwEMzzOdhC4e8,2026-09-24T16:15:00+08:00,55,0,2026-09-24T16:29:15+08:00
gWsom5XND7y31xUHffKIx,2026-09-24T16:15:00+08:00,25,0,2026-09-24T16:29:15+08:00
hU7dxBlZvxIP6xF1sBF4g,2026-09-24T16:15:00+08:00,53,0,2026-09-24T16:29:15+08:00
jURxKTJdKAknCAn3BdZBu,2026-09-24T16:15:00+08:00,16,0,2026-09-24T16:29:15+08:00
kWpNPgv8vJ7oY5hM0EGBj,2026-09-24T16:15:00+08:00,40,0,2026-09-24T16:29:15+08:00
kvKdTkljhfoINMtsxkLwR,2026-09-24T16:15:00+08:00,38,0,2026-09-24T16:29:15+08:00
lGqA6LMJhSPHrUSA9gCBW,2026-09-24T16:15:00+08:00,35,0,2026-09-24T16:29:15+08:00
mTU4h0cnQo7ZfHBye4laR,2026-09-24T16:15:00+08:00,48,0,2026-09-24T16:29:15+08:00
oGyEo8DlMkhqGwHAHyrX2,2026-09-24T16:15:00+08:00,62,0,2026-09-24T16:29:15+08:00
qBwKt6mp7ouMiEuoQHyrX,2026-09-24T16:15:00+08:00,49,0,2026-09-24T16:29:15+08:00
rSfmQ2HygLUCIJZ4YBXhZ,2026-09-24T16:15:00+08:00,80,0,2026-09-24T16:29:15+08:00
sm9l6v5egLq8LmDAxaD35,2026-09-24T16:15:00+08:00,52,0,2026-09-24T16:29:15+08:00
vmM6pa4n1ZoW3cjsr2i8t,2026-09-24T16:15:00+08:00,34,0,2026-09-24T16:29:15+08:00
yI42qVqT0Klxyp97GlSFv,2026-09-24T16:15:00+08:00,48,0,2026-09-24T16:29:15+08:00
zz7zliifcVF7RjIBrHrWW,2026-09-24T16:15:00+08:00,40,0,2026-09-24T16:29:15+08:00
7pUkepD2XsWDHOO92bNyP,2026-09-24T16:30:00+08:00,68,0,2026-09-24T16:39:43+08:00
AosIo96hMLnNe4cZ5LESn,2026-09-24T16:30:00+08:00,53,0,2026-09-24T16:39:43+08:00
CdGlAWLw4cIllzFlL2be0,2026-09-24T16:30:00+08:00,47,0,2026-09-24T16:39:43+08:00
EcBGtBDRSadwhso2WV0Tk,2026-09-24T16:30:00+08:00,43,0,2026-09-24T16:39:43+08:00
FOoCS3RzGgcLYcRzdOFV1,2026-09-24T16:30:00+08:00,35,0,2026-09-24T16:39:43+08:00
FrQe2ueU3hIaPAAh8snYW,2026-09-24T16:30:00+08:00,45,0,2026-09-24T16:39:43+08:00
L6PijvT6exaVezC2I6Vvg,2026-09-24T16:30:00+08:00,48,0,2026-09-24T16:39:43+08:00
LH8LXZ2I67YVHplh5HTUG,2026-09-24T16:30:00+08:00,31,0,2026-09-24T16:39:43+08:00
NxxWCKb2ITT7AZNRJr62i,2026-09-24T16:30:00+08:00,35,0,2026-09-24T16:39:43+08:00
O0tD3rcKdjI7dYB4ynfr9,2026-09-24T16:30:00+08:00,45,0,2026-09-24T16:39:43+08:00
O8i7stfNTU2DydWZdkUIo,2026-09-24T16:30:00+08:00,42,0,2026-09-24T16:39:43+08:00
RF0gfHIWDuNybfYfPOZgU,2026-09-24T16:30:00+08:00,62,0,2026-09-24T16:39:43+08:00
TAmdBcFXigZ5kPnh97Qju,2026-09-24T16:30:00+08:00,35,0,2026-09-24T16:39:43+08:00
Vg6a1NAMJ9yjL5wmJ4ZnS,2026-09-24T16:30:00+08:00,47,0,2026-09-24T16:39:43+08:00
XE4W6nShDirkLifR7aY2H,2026-09-24T16:30:00+08:00,31,0,2026-09-24T16:39:43+08:00
XcptrxSXxwEMzzOdhC4e8,2026-09-24T16:30:00+08:00,52,0,2026-09-24T16:39:43+08:00
gWsom5XND7y31xUHffKIx,2026-09-24T16:30:00+08:00,28,0,2026-09-24T16:39:43+08:00
hU7dxBlZvxIP6xF1sBF4g,2026-09-24T16:30:00+08:00,57,0,2026-09-24T16:39:43+08:00
jURxKTJdKAknCAn3BdZBu,2026-09-24T16:30:00+08:00,16,0,2026-09-24T16:39:43+08:00
kWpNPgv8vJ7oY5hM0EGBj,2026-09-24T16:30:00+08:00,44,0,2026-09-24T16:39:43+08:00
kvKdTkljhfoINMtsxkLwR,2026-09-24T16:30:00+08:00,35,0,2026-09-24T16:39:43+08:00
lGqA6LMJhSPHrUSA9gCBW,2026-09-24T16:30:00+08:00,36,0,2026-09-24T16:39:43+08:00
mTU4h0cnQo7ZfHBye4laR,2026-09-24T16:30:00+08:00,45,0,2026-09-24T16:39:43+08:00
oGyEo8DlMkhqGwHAHyrX2,2026-09-24T16:30:00+08:00,61,0,2026-09-24T16:39:43+08:00
qBwKt6mp7ouMiEuoQHyrX,2026-09-24T16:30:00+08:00,44,0,2026-09-24T16:39:43+08:00
rSfmQ2HygLUCIJZ4YBXhZ,2026-09-24T16:30:00+08:00,82,0,2026-09-24T16:39:43+08:00
sm9l6v5egLq8LmDAxaD35,2026-09-24T16:30:00+08:00,52,0,2026-09-24T16:39:43+08:00
vmM6pa4n1ZoW3cjsr2i8t,2026-09-24T16:30:00+08:00,36,0,2026-09-24T16:39:43+08:00
yI42qVqT0Klxyp97GlSFv,2026-09-24T16:30:00+08:00,45,0,2026-09-24T16:39:43+08:00
zz7zliifcVF7RjIBrHrWW,2026-09-24T16:30:00+08:00,40,0,2026-09-24T16:39:43+08:00
7pUkepD2XsWDHOO92bNyP,2026-09-24T16:45:00+08:00,66,0,2026-09-24T16:49:09+08:00
AosIo96hMLnNe4cZ5LESn,2026-09-24T16:45:00+08:00,53,0,2026-09-24T16:49:09+08:00
CdGlAWLw4cIllzFlL2be0,2026-09-24T16:45:00+08:00,43,0,2026-09-24T16:49:09+08:00
EcBGtBDRSadwhso2WV0Tk,2026-09-24T16:45:00+08:00,48,0,2026-09-24T16:49:09+08:00
FOoCS3RzGgcLYcRzdOFV1,2026-09-24T16:45:00+08:00,38,0,2026-09-24T16:49:09+08:00
FrQe2ueU3hIaPAAh8snYW,2026-09-24T16:45:00+08:00,45,0,2026-09-24T16:49:09+08:00
L6PijvT6exaVezC2I6Vvg,2026-09-24T16:45:00+08:00,49,0,2026-09-24T16:49:09+08:00
LH8LXZ2I67YVHplh5HTUG,2026-09-24T16:45:00+08:00,31,0,2026-09-24T16:49:09+08:00
NxxWCKb2ITT7AZNRJr62i,2026-09-24T16:45:00+08:00,35,0,2026-09-24T16:49:09+08:00
O0tD3rcKdjI7dYB4ynfr9,2026-09-24T16:45:00+08:00,53,0,2026-09-24T16:49:09+08:00
O8i7stfNTU2DydWZdkUIo,2026-09-24T16:45:00+08:00,43,0,2026-09-24T16:49:09+08:00
RF0gfHIWDuNybfYfPOZgU,2026-09-24T16:45:00+08:00,54,0,2026-09-24T16:49:09+08:00
TAmdBcFXigZ5kPnh97Qju,2026-09-24T16:45:00+08:00,38,0,2026-09-24T16:49:09+08:00
Vg6a1NAMJ9yjL5wmJ4ZnS,2026-09-24T16:45:00+08:00,33,0,2026-09-24T16:49:09+08:00
XE4W6nShDirkLifR7aY2H,2026-09-24T16:45:00+08:00,27,0,2026-09-24T16:49:09+08:00
XcptrxSXxwEMzzOdhC4e8,2026-09-24T16:45:00+08:00,51,0,2026-09-24T16:49:09+08:00
gWsom5XND7y31xUHffKIx,2026-09-24T16:45:00+08:00,32,0,2026-09-24T16:49:09+08:00
hU7dxBlZvxIP6xF1sBF4g,2026-09-24T16:45:00+08:00,55,0,2026-09-24T16:49:09+08:00
jURxKTJdKAknCAn3BdZBu,2026-09-24T16:45:00+08:00,16,0,2026-09-24T16:49:09+08:00
kWpNPgv8vJ7oY5hM0EGBj,2026-09-24T16:45:00+08:00,43,0,2026-09-24T16:49:09+08:00
kvKdTkljhfoINMtsxkLwR,2026-09-24T16:45:00+08:00,37,0,2026-09-24T16:49:09+08:00
lGqA6LMJhSPHrUSA9gCBW,2026-09-24T16:45:00+08:00,40,0,2026-09-24T16:49:09+08:00
mTU4h0cnQo7ZfHBye4laR,2026-09-24T16:45:00+08:00,47,0,2026-09-24T16:49:09+08:00
oGyEo8DlMkhqGwHAHyrX2,2026-09-24T16:45:00+08:00,59,0,2026-09-24T16:49:09+08:00
qBwKt6mp7ouMiEuoQHyrX,2026-09-24T16:45:00+08:00,46,0,2026-09-24T16:49:09+08:00
rSfmQ2HygLUCIJZ4YBXhZ,2026-09-24T16:45:00+08:00,79,0,2026-09-24T16:49:09+08:00
sm9l6v5egLq8LmDAxaD35,2026-09-24T16:45:00+08:00,51,0,2026-09-24T16:49:09+08:00
vmM6pa4n1ZoW3cjsr2i8t,2026-09-24T16:45:00+08:00,37,0,2026-09-24T16:49:09+08:00
yI42qVqT0Klxyp97GlSFv,2026-09-24T16:45:00+08:00,43,0,2026-09-24T16:49:09+08:00
zz7zliifcVF7RjIBrHrWW,2026-09-24T16:45:00+08:00,40,0,2026-09-24T16:49:09+08:00
7pUkepD2XsWDHOO92bNyP,2026-09-24T17:00:00+08:00,58,0,2026-09-24T17:08:32+08:00
AosIo96hMLnNe4cZ5LESn,2026-09-24T17:00:00+08:00,45,0,2026-09-24T17:08:32+08:00
CdGlAWLw4cIllzFlL2be0,2026-09-24T17:00:00+08:00,51,0,2026-09-24T17:08:32+08:00
EcBGtBDRSadwhso2WV0Tk,2026-09-24T17:00:00+08:00,40,0,2026-09-24T17:08:32+08:00
FOoCS3RzGgcLYcRzdOFV1,2026-09-24T17:00:00+08:00,38,0,2026-09-24T17:08:32+08:00
FrQe2ueU3hIaPAAh8snYW,2026-09-24T17:00:00+08:00,53,0,2026-09-24T17:08:32+08:00
L6PijvT6exaVezC2I6Vvg,2026-09-24T17:00:00+08:00,49,0,2026-09-24T17:08:32+08:00
LH8LXZ2I67YVHplh5HTUG,2026-09-24T17:00:00+08:00,32,0,2026-09-24T17:08:32+08:00
NxxWCKb2ITT7AZNRJr62i,2026-09-24T17:00:00+08:00,35,0,2026-09-24T17:08:32+08:00
O0tD3rcKdjI7dYB4ynfr9,2026-09-24T17:00:00+08:00,50,0,2026-09-24T17:08:32+08:00
O8i7stfNTU2DydWZdkUIo,2026-09-24T17:00:00+08:00,40,0,2026-09-24T17:08:32+08:00
RF0gfHIWDuNybfYfPOZgU,2026-09-24T17:00:00+08:00,39,0,2026-09-24T17:08:32+08:00
TAmdBcFXigZ5kPnh97Qju,2026-09-24T17:00:00+08:00,34,0,2026-09-24T17:08:32+08:00
Vg6a1NAMJ9yjL5wmJ4ZnS,2026-09-24T17:00:00+08:00,53,0,2026-09-24T17:08:32+08:00
XE4W6nShDirkLifR7aY2H,2026-09-24T17:00:00+08:00,22,0,2026-09-24T17:08:32+08:00
XcptrxSXxwEMzzOdhC4e8,2026-09-24T17:00:00+08:00,47,0,2026-09-24T17:08:32+08:00
gWsom5XND7y31xUHffKIx,2026-09-24T17:00:00+08:00,33,0,2026-09-24T17:08:32+08:00
hU7dxBlZvxIP6xF1sBF4g,2026-09-24T17:00:00+08:00,52,0,2026-09-24T17:08:32+08:00
jURxKTJdKAknCAn3BdZBu,2026-09-24T17:00:00+08:00,17,0,2026-09-24T17:08:32+08:00
kWpNPgv8vJ7oY5hM0EGBj,2026-09-24T17:00:00+08:00,41,0,2026-09-24T17:08:32+08:00
kvKdTkljhfoINMtsxkLwR,2026-09-24T17:00:00+08:00,41,0,2026-09-24T17:08:32+08:00
lGqA6LMJhSPHrUSA9gCBW,2026-09-24T17:00:00+08:00,51,0,2026-09-24T17:08:32+08:00
mTU4h0cnQo7ZfHBye4laR,2026-09-24T17:00:00+08:00,52,0,2026-09-24T17:08:32+08:00
oGyEo8DlMkhqGwHAHyrX2,2026-09-24T17:00:00+08:00,67,0,2026-09-24T17:08:32+08:00
qBwKt6mp7ouMiEuoQHyrX,2026-09-24T17:00:00+08:00,40,0,2026-09-24T17:08:32+08:00
rSfmQ2HygLUCIJZ4YBXhZ,2026-09-24T17:00:00+08:00,81,0,2026-09-24T17:08:32+08:00
sm9l6v5egLq8LmDAxaD35,2026-09-24T17:00:00+08:00,45,0,2026-09-24T17:08:32+08:00
vmM6pa4n1ZoW3cjsr2i8t,2026-09-24T17:00:00+08:00,32,0,2026-09-24T17:08:32+08:00
yI42qVqT0Klxyp97GlSFv,2026-09-24T17:00:00+08:00,50,0,2026-09-24T17:08:32+08:00
zz7zliifcVF7RjIBrHrWW,2026-09-24T17:00:00+08:00,42,0,2026-09-24T17:08:32+08:00
7pUkepD2XsWDHOO92bNyP,2026-09-24T17:15:00+08:00,52,0,2026-09-24T17:18:44+08:00
AosIo96hMLnNe4cZ5LESn,2026-09-24T17:15:00+08:00,47,0,2026-09-24T17:18:44+08:00
CdGlAWLw4cIllzFlL2be0,2026-09-24T17:15:00+08:00,54,0,2026-09-24T17:18:44+08:00
EcBGtBDRSadwhso2WV0Tk,2026-09-24T17:15:00+08:00,46,0,2026-09-24T17:18:44+08:00
FOoCS3RzGgcLYcRzdOFV1,2026-09-24T17:15:00+08:00,38,0,2026-09-24T17:18:44+08:00
FrQe2ueU3hIaPAAh8snYW,2026-09-24T17:15:00+08:00,53,0,2026-09-24T17:18:44+08:00
L6PijvT6exaVezC2I6Vvg,2026-09-24T17:15:00+08:00,49,0,2026-09-24T17:18:44+08:00
LH8LXZ2I67YVHplh5HTUG,2026-09-24T17:15:00+08:00,30,0,2026-09-24T17:18:44+08:00
NxxWCKb2ITT7AZNRJr62i,2026-09-24T17:15:00+08:00,35,0,2026-09-24T17:18:44+08:00
O0tD3rcKdjI7dYB4ynfr9,2026-09-24T17:15:00+08:00,55,0,2026-09-24T17:18:44+08:00
O8i7stfNTU2DydWZdkUIo,2026-09-24T17:15:00+08:00,40,0,2026-09-24T17:18:44+08:00
RF0gfHIWDuNybfYfPOZgU,2026-09-24T17:15:00+08:00,41,0,2026-09-24T17:18:44+08:00
TAmdBcFXigZ5kPnh97Qju,2026-09-24T17:15:00+08:00,31,0,2026-09-24T17:18:44+08:00
Vg6a1NAMJ9yjL5wmJ4ZnS,2026-09-24T17:15:00+08:00,57,0,2026-09-24T17:18:44+08:00
XE4W6nShDirkLifR7aY2H,2026-09-24T17:15:00+08:00,11,0,2026-09-24T17:18:44+08:00
XcptrxSXxwEMzzOdhC4e8,2026-09-24T17:15:00+08:00,47,0,2026-09-24T17:18:44+08:00
gWsom5XND7y31xUHffKIx,2026-09-24T17:15:00+08:00,33,0,2026-09-24T17:18:44+08:00
hU7dxBlZvxIP6xF1sBF4g,2026-09-24T17:15:00+08:00,56,0,2026-09-24T17:18:44+08:00
jURxKTJdKAknCAn3BdZBu,2026-09-24T17:15:00+08:00,20,0,2026-09-24T17:18:44+08:00
kWpNPgv8vJ7oY5hM0EGBj,2026-09-24T17:15:00+08:00,44,0,2026-09-24T17:18:44+08:00
kvKdTkljhfoINMtsxkLwR,2026-09-24T17:15:00+08:00,41,0,2026-09-24T17:18:44+08:00
lGqA6LMJhSPHrUSA9gCBW,2026-09-24T17:15:00+08:00,54,0,2026-09-24T17:18:44+08:00
mTU4h0cnQo7ZfHBye4laR,2026-09-24T17:15:00+08:00,51,0,2026-09-24T17:18:44+08:00
oGyEo8DlMkhqGwHAHyrX2,2026-09-24T17:15:00+08:00,68,0,2026-09-24T17:18:44+08:00
qBwKt6mp7ouMiEuoQHyrX,2026-09-24T17:15:00+08:00,41,0,2026-09-24T17:18:44+08:00
rSfmQ2HygLUCIJZ4YBXhZ,2026-09-24T17:15:00+08:00,84,0,2026-09-24T17:18:44+08:00
sm9l6v5egLq8LmDAxaD35,2026-09-24T17:15:00+08:00,48,0,2026-09-24T17:18:44+08:00
vmM6pa4n1ZoW3cjsr2i8t,2026-09-24T17:15:00+08:00,32,0,2026-09-24T17:18:44+08:00
yI42qVqT0Klxyp97GlSFv,2026-09-24T17:15:00+08:00,50,0,2026-09-24T17:18:44+08:00
zz7zliifcVF7RjIBrHrWW,2026-09-24T17:15:00+08:00,45,0,2026-09-24T17:18:44+08:00
7pUkepD2XsWDHOO92bNyP,2026-09-24T17:30:00+08:00,62,0,2026-09-24T17:36:36+08:00
AosIo96hMLnNe4cZ5LESn,2026-09-24T17:30:00+08:00,44,0,2026-09-24T17:36:36+08:00
CdGlAWLw4cIllzFlL2be0,2026-09-24T17:30:00+08:00,56,0,2026-09-24T17:36:36+08:00
EcBGtBDRSadwhso2WV0Tk,2026-09-24T17:30:00+08:00,46,0,2026-09-24T17:36:36+08:00
FOoCS3RzGgcLYcRzdOFV1,2026-09-24T17:30:00+08:00,40,0,2026-09-24T17:36:36+08:00
FrQe2ueU3hIaPAAh8snYW,2026-09-24T17:30:00+08:00,53,0,2026-09-24T17:36:36+08:00
L6PijvT6exaVezC2I6Vvg,2026-09-24T17:30:00+08:00,57,0,2026-09-24T17:36:36+08:00
LH8LXZ2I67YVHplh5HTUG,2026-09-24T17:30:00+08:00,27,0,2026-09-24T17:36:36+08:00
NxxWCKb2ITT7AZNRJr62i,2026-09-24T17:30:00+08:00,35,0,2026-09-24T17:36:36+08:00
O0tD3rcKdjI7dYB4ynfr9,2026-09-24T17:30:00+08:00,48,0,2026-09-24T17:36:36+08:00
O8i7stfNTU2DydWZdkUIo,2026-09-24T17:30:00+08:00,44,0,2026-09-24T17:36:36+08:00
RF0gfHIWDuNybfYfPOZgU,2026-09-24T17:30:00+08:00,47,0,2026-09-24T17:36:36+08:00
TAmdBcFXigZ5kPnh97Qju,2026-09-24T17:30:00+08:00,38,0,2026-09-24T17:36:36+08:00
Vg6a1NAMJ9yjL5wmJ4ZnS,2026-09-24T17:30:00+08:00,33,0,2026-09-24T17:36:36+08:00
XE4W6nShDirkLifR7aY2H,2026-09-24T17:30:00+08:00,18,0,2026-09-24T17:36:36+08:00
XcptrxSXxwEMzzOdhC4e8,2026-09-24T17:30:00+08:00,43,0,2026-09-24T17:36:36+08:00
gWsom5XND7y31xUHffKIx,2026-09-24T17:30:00+08:00,33,0,2026-09-24T17:36:36+08:00
hU7dxBlZvxIP6xF1sBF4g,2026-09-24T17:30:00+08:00,62,0,2026-09-24T17:36:36+08:00
jURxKTJdKAknCAn3BdZBu,2026-09-24T17:30:00+08:00,20,0,2026-09-24T17:36:36+08:00
kWpNPgv8vJ7oY5hM0EGBj,2026-09-24T17:30:00+08:00,47,0,2026-09-24T17:36:36+08:00
kvKdTkljhfoINMtsxkLwR,2026-09-24T17:30:00+08:00,44,0,2026-09-24T17:36:36+08:00
lGqA6LMJhSPHrUSA9gCBW,2026-09-24T17:30:00+08:00,49,0,2026-09-24T17:36:36+08:00
mTU4h0cnQo7ZfHBye4laR,2026-09-24T17:30:00+08:00,56,0,2026-09-24T17:36:36+08:00
oGyEo8DlMkhqGwHAHyrX2,2026-09-24T17:30:00+08:00,71,0,2026-09-24T17:36:36+08:00
qBwKt6mp7ouMiEuoQHyrX,2026-09-24T17:30:00+08:00,42,0,2026-09-24T17:36:36+08:00
rSfmQ2HygLUCIJZ4YBXhZ,2026-09-24T17:30:00+08:00,80,0,2026-09-24T17:36:36+08:00
sm9l6v5egLq8LmDAxaD35,2026-09-24T17:30:00+08:00,43,0,2026-09-24T17:36:36+08:00
vmM6pa4n1ZoW3cjsr2i8t,2026-09-24T17:30:00+08:00,33,0,2026-09-24T17:36:36+08:00
yI42qVqT0Klxyp97GlSFv,2026-09-24T17:30:00+08:00,50,0,2026-09-24T17:36:36+08:00
zz7zliifcVF7RjIBrHrWW,2026-09-24T17:30:00+08:00,48,0,2026-09-24T17:36:36+08:00
7pUkepD2XsWDHOO92bNyP,2026-09-24T17:45:00+08:00,54,0,2026-09-24T17:56:43+08:00
AosIo96hMLnNe4cZ5LESn,2026-09-24T17:45:00+08:00,41,0,2026-09-24T17:56:43+08:00
CdGlAWLw4cIllzFlL2be0,2026-09-24T17:45:00+08:00,55,0,2026-09-24T17:56:43+08:00
EcBGtBDRSadwhso2WV0Tk,2026-09-24T17:45:00+08:00,60,0,2026-09-24T17:56:43+08:00
FOoCS3RzGgcLYcRzdOFV1,2026-09-24T17:45:00+08:00,37,0,2026-09-24T17:56:43+08:00
FrQe2ueU3hIaPAAh8snYW,2026-09-24T17:45:00+08:00,53,0,2026-09-24T17:56:43+08:00
L6PijvT6exaVezC2I6Vvg,2026-09-24T17:45:00+08:00,61,0,2026-09-24T17:56:43+08:00
LH8LXZ2I67YVHplh5HTUG,2026-09-24T17:45:00+08:00,31,0,2026-09-24T17:56:43+08:00
NxxWCKb2ITT7AZNRJr62i,2026-09-24T17:45:00+08:00,35,0,2026-09-24T17:56:43+08:00
O0tD3rcKdjI7dYB4ynfr9,2026-09-24T17:45:00+08:00,48,0,2026-09-24T17:56:43+08:00
O8i7stfNTU2DydWZdkUIo,2026-09-24T17:45:00+08:00,39,0,2026-09-24T17:56:43+08:00
RF0gfHIWDuNybfYfPOZgU,2026-09-24T17:45:00+08:00,54,0,2026-09-24T17:56:43+08:00
TAmdBcFXigZ5kPnh97Qju,2026-09-24T17:45:00+08:00,38,0,2026-09-24T17:56:43+08:00
Vg6a1NAMJ9yjL5wmJ4ZnS,2026-09-24T17:45:00+08:00,73,0,2026-09-24T17:56:43+08:00
XE4W6nShDirkLifR7aY2H,2026-09-24T17:45:00+08:00,22,0,2026-09-24T17:56:43+08:00
XcptrxSXxwEMzzOdhC4e8,2026-09-24T17:45:00+08:00,45,0,2026-09-24T17:56:43+08:00
gWsom5XND7y31xUHffKIx,2026-09-24T17:45:00+08:00,17,0,2026-09-24T17:56:43+08:00
hU7dxBlZvxIP6xF1sBF4g,2026-09-24T17:45:00+08:00,59,0,2026-09-24T17:56:43+08:00
jURxKTJdKAknCAn3BdZBu,2026-09-24T17:45:00+08:00,25,0,2026-09-24T17:56:43+08:00
kWpNPgv8vJ7oY5hM0EGBj,2026-09-24T17:45:00+08:00,51,0,2026-09-24T17:56:43+08:00
kvKdTkljhfoINMtsxkLwR,2026-09-24T17:45:00+08:00,47,0,2026-09-24T17:56:43+08:00
lGqA6LMJhSPHrUSA9gCBW,2026-09-24T17:45:00+08:00,48,0,2026-09-24T17:56:43+08:00
mTU4h0cnQo7ZfHBye4laR,2026-09-24T17:45:00+08:00,55,0,2026-09-24T17:56:43+08:00
oGyEo8DlMkhqGwHAHyrX2,2026-09-24T17:45:00+08:00,75,0,2026-09-24T17:56:43+08:00
qBwKt6mp7ouMiEuoQHyrX,2026-09-24T17:45:00+08:00,45,0,2026-09-24T17:56:43+08:00
rSfmQ2HygLUCIJZ4YBXhZ,2026-09-24T17:45:00+08:00,86,0,2026-09-24T17:56:43+08:00
sm9l6v5egLq8LmDAxaD35,2026-09-24T17:45:00+08:00,46,0,2026-09-24T17:56:43+08:00
vmM6pa4n1ZoW3cjsr2i8t,2026-09-24T17:45:00+08:00,34,0,2026-09-24T17:56:43+08:00
yI42qVqT0Klxyp97GlSFv,2026-09-24T17:45:00+08:00,38,0,2026-09-24T17:56:43+08:00
zz7zliifcVF7RjIBrHrWW,2026-09-24T17:45:00+08:00,52,0,2026-09-24T17:56:43+08:00
7pUkepD2XsWDHOO92bNyP,2026-09-24T18:15:00+08:00,58,0,2026-09-24T18:21:44+08:00
AosIo96hMLnNe4cZ5LESn,2026-09-24T18:15:00+08:00,42,0,2026-09-24T18:21:44+08:00
CdGlAWLw4cIllzFlL2be0,2026-09-24T18:15:00+08:00,57,0,2026-09-24T18:21:44+08:00
EcBGtBDRSadwhso2WV0Tk,2026-09-24T18:15:00+08:00,73,0,2026-09-24T18:21:44+08:00
FOoCS3RzGgcLYcRzdOFV1,2026-09-24T18:15:00+08:00,42,0,2026-09-24T18:21:44+08:00
FrQe2ueU3hIaPAAh8snYW,2026-09-24T18:15:00+08:00,65,0,2026-09-24T18:21:44+08:00
L6PijvT6exaVezC2I6Vvg,2026-09-24T18:15:00+08:00,61,0,2026-09-24T18:21:44+08:00
LH8LXZ2I67YVHplh5HTUG,2026-09-24T18:15:00+08:00,32,0,2026-09-24T18:21:44+08:00
NxxWCKb2ITT7AZNRJr62i,2026-09-24T18:15:00+08:00,35,0,2026-09-24T18:21:44+08:00
O0tD3rcKdjI7dYB4ynfr9,2026-09-24T18:15:00+08:00,52,0,2026-09-24T18:21:44+08:00
O8i7stfNTU2DydWZdkUIo,2026-09-24T18:15:00+08:00,40,0,2026-09-24T18:21:44+08:00
RF0gfHIWDuNybfYfPOZgU,2026-09-24T18:15:00+08:00,69,0,2026-09-24T18:21:44+08:00
TAmdBcFXigZ5kPnh97Qju,2026-09-24T18:15:00+08:00,49,0,2026-09-24T18:21:44+08:00
Vg6a1NAMJ9yjL5wmJ4ZnS,2026-09-24T18:15:00+08:00,83,0,2026-09-24T18:21:44+08:00
XE4W6nShDirkLifR7aY2H,2026-09-24T18:15:00+08:00,31,0,2026-09-24T18:21:44+08:00
XcptrxSXxwEMzzOdhC4e8,2026-09-24T18:15:00+08:00,48,0,2026-09-24T18:21:44+08:00
gWsom5XND7y31xUHffKIx,2026-09-24T18:15:00+08:00,19,0,2026-09-24T18:21:44+08:00
hU7dxBlZvxIP6xF1sBF4g,2026-09-24T18:15:00+08:00,65,0,2026-09-24T18:21:44+08:00
jURxKTJdKAknCAn3BdZBu,2026-09-24T18:15:00+08:00,25,0,2026-09-24T18:21:44+08:00
kWpNPgv8vJ7oY5hM0EGBj,2026-09-24T18:15:00+08:00,48,0,2026-09-24T18:21:44+08:00
kvKdTkljhfoINMtsxkLwR,2026-09-24T18:15:00+08:00,49,0,2026-09-24T18:21:44+08:00
lGqA6LMJhSPHrUSA9gCBW,2026-09-24T18:15:00+08:00,52,0,2026-09-24T18:21:44+08:00
mTU4h0cnQo7ZfHBye4laR,2026-09-24T18:15:00+08:00,58,0,2026-09-24T18:21:44+08:00
oGyEo8DlMkhqGwHAHyrX2,2026-09-24T18:15:00+08:00,75,0,2026-09-24T18:21:44+08:00
qBwKt6mp7ouMiEuoQHyrX,2026-09-24T18:15:00+08:00,51,0,2026-09-24T18:21:44+08:00
rSfmQ2HygLUCIJZ4YBXhZ,2026-09-24T18:15:00+08:00,78,0,2026-09-24T18:21:44+08:00
sm9l6v5egLq8LmDAxaD35,2026-09-24T18:15:00+08:00,42,0,2026-09-24T18:21:44+08:00
vmM6pa4n1ZoW3cjsr2i8t,2026-09-24T18:15:00+08:00,36,0,2026-09-24T18:21:44+08:00
yI42qVqT0Klxyp97GlSFv,2026-09-24T18:15:00+08:00,43,0,2026-09-24T18:21:44+08:00
zz7zliifcVF7RjIBrHrWW,2026-09-24T18:15:00+08:00,45,0,2026-09-24T18:21:44+08:00
7pUkepD2XsWDHOO92bNyP,2026-09-24T18:30:00+08:00,55,0,2026-09-24T18:38:24+08:00
AosIo96hMLnNe4cZ5LESn,2026-09-24T18:30:00+08:00,47,0,2026-09-24T18:38:24+08:00
CdGlAWLw4cIllzFlL2be0,2026-09-24T18:30:00+08:00,56,0,2026-09-24T18:38:24+08:00
EcBGtBDRSadwhso2WV0Tk,2026-09-24T18:30:00+08:00,78,0,2026-09-24T18:38:24+08:00
FOoCS3RzGgcLYcRzdOFV1,2026-09-24T18:30:00+08:00,42,0,2026-09-24T18:38:24+08:00
FrQe2ueU3hIaPAAh8snYW,2026-09-24T18:30:00+08:00,58,0,2026-09-24T18:38:24+08:00
L6PijvT6exaVezC2I6Vvg,2026-09-24T18:30:00+08:00,65,0,2026-09-24T18:38:24+08:00
LH8LXZ2I67YVHplh5HTUG,2026-09-24T18:30:00+08:00,34,0,2026-09-24T18:38:24+08:00
NxxWCKb2ITT7AZNRJr62i,2026-09-24T18:30:00+08:00,35,0,2026-09-24T18:38:24+08:00
O0tD3rcKdjI7dYB4ynfr9,2026-09-24T18:30:00+08:00,53,0,2026-09-24T18:38:24+08:00
O8i7stfNTU2DydWZdkUIo,2026-09-24T18:30:00+08:00,42,0,2026-09-24T18:38:24+08:00
RF0gfHIWDuNybfYfPOZgU,2026-09-24T18:30:00+08:00,62,0,2026-09-24T18:38:24+08:00
TAmdBcFXigZ5kPnh97Qju,2026-09-24T18:30:00+08:00,56,0,2026-09-24T18:38:24+08:00
Vg6a1NAMJ9yjL5wmJ4ZnS,2026-09-24T18:30:00+08:00,87,0,2026-09-24T18:38:24+08:00
XE4W6nShDirkLifR7aY2H,2026-09-24T18:30:00+08:00,33,0,2026-09-24T18:38:24+08:00
XcptrxSXxwEMzzOdhC4e8,2026-09-24T18:30:00+08:00,51,0,2026-09-24T18:38:24+08:00
gWsom5XND7y31xUHffKIx,2026-09-24T18:30:00+08:00,19,0,2026-09-24T18:38:24+08:00
hU7dxBlZvxIP6xF1sBF4g,2026-09-24T18:30:00+08:00,67,0,2026-09-24T18:38:24+08:00
jURxKTJdKAknCAn3BdZBu,2026-09-24T18:30:00+08:00,25,0,2026-09-24T18:38:24+08:00
kWpNPgv8vJ7oY5hM0EGBj,2026-09-24T18:30:00+08:00,62,0,2026-09-24T18:38:24+08:00
kvKdTkljhfoINMtsxkLwR,2026-09-24T18:30:00+08:00,50,0,2026-09-24T18:38:24+08:00
lGqA6LMJhSPHrUSA9gCBW,2026-09-24T18:30:00+08:00,53,0,2026-09-24T18:38:24+08:00
mTU4h0cnQo7ZfHBye4laR,2026-09-24T18:30:00+08:00,61,0,2026-09-24T18:38:24+08:00
oGyEo8DlMkhqGwHAHyrX2,2026-09-24T18:30:00+08:00,78,0,2026-09-24T18:38:24+08:00
qBwKt6mp7ouMiEuoQHyrX,2026-09-24T18:30:00+08:00,53,0,2026-09-24T18:38:24+08:00
rSfmQ2HygLUCIJZ4YBXhZ,2026-09-24T18:30:00+08:00,79,0,2026-09-24T18:38:24+08:00
sm9l6v5egLq8LmDAxaD35,2026-09-24T18:30:00+08:00,48,0,2026-09-24T18:38:24+08:00
vmM6pa4n1ZoW3cjsr2i8t,2026-09-24T18:30:00+08:00,37,0,2026-09-24T18:38:24+08:00
yI42qVqT0Klxyp97GlSFv,2026-09-24T18:30:00+08:00,53,0,2026-09-24T18:38:24+08:00
zz7zliifcVF7RjIBrHrWW,2026-09-24T18:30:00+08:00,40,0,2026-09-24T18:38:24+08:00
7pUkepD2XsWDHOO92bNyP,2026-09-24T18:45:00+08:00,62,0,2026-09-24T18:56:06+08:00
AosIo96hMLnNe4cZ5LESn,2026-09-24T18:45:00+08:00,43,0,2026-09-24T18:56:06+08:00
CdGlAWLw4cIllzFlL2be0,2026-09-24T18:45:00+08:00,57,0,2026-09-24T18:56:06+08:00
EcBGtBDRSadwhso2WV0Tk,2026-09-24T18:45:00+08:00,76,0,2026-09-24T18:56:06+08:00
FOoCS3RzGgcLYcRzdOFV1,2026-09-24T18:45:00+08:00,45,0,2026-09-24T18:56:06+08:00
FrQe2ueU3hIaPAAh8snYW,2026-09-24T18:45:00+08:00,61,0,2026-09-24T18:56:06+08:00
L6PijvT6exaVezC2I6Vvg,2026-09-24T18:45:00+08:00,74,0,2026-09-24T18:56:06+08:00
LH8LXZ2I67YVHplh5HTUG,2026-09-24T18:45:00+08:00,33,0,2026-09-24T18:56:06+08:00
NxxWCKb2ITT7AZNRJr62i,2026-09-24T18:45:00+08:00,35,0,2026-09-24T18:56:06+08:00
O0tD3rcKdjI7dYB4ynfr9,2026-09-24T18:45:00+08:00,57,0,2026-09-24T18:56:06+08:00
O8i7stfNTU2DydWZdkUIo,2026-09-24T18:45:00+08:00,45,0,2026-09-24T18:56:06+08:00
RF0gfHIWDuNybfYfPOZgU,2026-09-24T18:45:00+08:00,80,0,2026-09-24T18:56:06+08:00
TAmdBcFXigZ5kPnh97Qju,2026-09-24T18:45:00+08:00,57,0,2026-09-24T18:56:06+08:00
Vg6a1NAMJ9yjL5wmJ4ZnS,2026-09-24T18:45:00+08:00,77,0,2026-09-24T18:56:06+08:00
XE4W6nShDirkLifR7aY2H,2026-09-24T18:45:00+08:00,36,0,2026-09-24T18:56:06+08:00
XcptrxSXxwEMzzOdhC4e8,2026-09-24T18:45:00+08:00,58,0,2026-09-24T18:56:06+08:00
gWsom5XND7y31xUHffKIx,2026-09-24T18:45:00+08:00,25,0,2026-09-24T18:56:06+08:00
hU7dxBlZvxIP6xF1sBF4g,2026-09-24T18:45:00+08:00,78,0,2026-09-24T18:56:06+08:00
jURxKTJdKAknCAn3BdZBu,2026-09-24T18:45:00+08:00,27,0,2026-09-24T18:56:06+08:00
kWpNPgv8vJ7oY5hM0EGBj,2026-09-24T18:45:00+08:00,69,0,2026-09-24T18:56:06+08:00
kvKdTkljhfoINMtsxkLwR,2026-09-24T18:45:00+08:00,54,0,2026-09-24T18:56:06+08:00
lGqA6LMJhSPHrUSA9gCBW,2026-09-24T18:45:00+08:00,54,0,2026-09-24T18:56:06+08:00
mTU4h0cnQo7ZfHBye4laR,2026-09-24T18:45:00+08:00,64,0,2026-09-24T18:56:06+08:00
oGyEo8DlMkhqGwHAHyrX2,2026-09-24T18:45:00+08:00,78,0,2026-09-24T18:56:06+08:00
qBwKt6mp7ouMiEuoQHyrX,2026-09-24T18:45:00+08:00,60,0,2026-09-24T18:56:06+08:00
rSfmQ2HygLUCIJZ4YBXhZ,2026-09-24T18:45:00+08:00,84,0,2026-09-24T18:56:06+08:00
sm9l6v5egLq8LmDAxaD35,2026-09-24T18:45:00+08:00,57,0,2026-09-24T18:56:06+08:00
vmM6pa4n1ZoW3cjsr2i8t,2026-09-24T18:45:00+08:00,37,0,2026-09-24T18:56:06+08:00
yI42qVqT0Klxyp97GlSFv,2026-09-24T18:45:00+08:00,55,0,2026-09-24T18:56:06+08:00
zz7zliifcVF7RjIBrHrWW,2026-09-24T18:45:00+08:00,57,0,2026-09-24T18:56:06+08:00
7pUkepD2XsWDHOO92bNyP,2026-09-24T19:00:00+08:00,62,0,2026-09-24T19:04:27+08:00
AosIo96hMLnNe4cZ5LESn,2026-09-24T19:00:00+08:00,48,0,2026-09-24T19:04:27+08:00
CdGlAWLw4cIllzFlL2be0,2026-09-24T19:00:00+08:00,61,0,2026-09-24T19:04:27+08:00
EcBGtBDRSadwhso2WV0Tk,2026-09-24T19:00:00+08:00,72,0,2026-09-24T19:04:27+08:00
FOoCS3RzGgcLYcRzdOFV1,2026-09-24T19:00:00+08:00,46,0,2026-09-24T19:04:27+08:00
FrQe2ueU3hIaPAAh8snYW,2026-09-24T19:00:00+08:00,63,0,2026-09-24T19:04:27+08:00
L6PijvT6exaVezC2I6Vvg,2026-09-24T19:00:00+08:00,75,0,2026-09-24T19:04:27+08:00
LH8LXZ2I67YVHplh5HTUG,2026-09-24T19:00:00+08:00,33,0,2026-09-24T19:04:27+08:00
NxxWCKb2ITT7AZNRJr62i,2026-09-24T19:00:00+08:00,35,0,2026-09-24T19:04:27+08:00
O0tD3rcKdjI7dYB4ynfr9,2026-09-24T19:00:00+08:00,58,0,2026-09-24T19:04:27+08:00
O8i7stfNTU2DydWZdkUIo,2026-09-24T19:00:00+08:00,46,0,2026-09-24T19:04:27+08:00
RF0gfHIWDuNybfYfPOZgU,2026-09-24T19:00:00+08:00,85,0,2026-09-24T19:04:27+08:00
TAmdBcFXigZ5kPnh97Qju,2026-09-24T19:00:00+08:00,60,0,2026-09-24T19:04:27+08:00
Vg6a1NAMJ9yjL5wmJ4ZnS,2026-09-24T19:00:00+08:00,83,0,2026-09-24T19:04:27+08:00
XE4W6nShDirkLifR7aY2H,2026-09-24T19:00:00+08:00,33,0,2026-09-24T19:04:27+08:00
XcptrxSXxwEMzzOdhC4e8,2026-09-24T19:00:00+08:00,60,0,2026-09-24T19:04:27+08:00
gWsom5XND7y31xUHffKIx,2026-09-24T19:00:00+08:00,25,0,2026-09-24T19:04:27+08:00
hU7dxBlZvxIP6xF1sBF4g,2026-09-24T19:00:00+08:00,78,0,2026-09-24T19:04:27+08:00
jURxKTJdKAknCAn3BdZBu,2026-09-24T19:00:00+08:00,30,0,2026-09-24T19:04:27+08:00
kWpNPgv8vJ7oY5hM0EGBj,2026-09-24T19:00:00+08:00,71,0,2026-09-24T19:04:27+08:00
kvKdTkljhfoINMtsxkLwR,2026-09-24T19:00:00+08:00,55,0,2026-09-24T19:04:27+08:00
lGqA6LMJhSPHrUSA9gCBW,2026-09-24T19:00:00+08:00,60,0,2026-09-24T19:04:27+08:00
mTU4h0cnQo7ZfHBye4laR,2026-09-24T19:00:00+08:00,72,0,2026-09-24T19:04:27+08:00
oGyEo8DlMkhqGwHAHyrX2,2026-09-24T19:00:00+08:00,81,0,2026-09-24T19:04:27+08:00
qBwKt6mp7ouMiEuoQHyrX,2026-09-24T19:00:00+08:00,61,0,2026-09-24T19:04:27+08:00
rSfmQ2HygLUCIJZ4YBXhZ,2026-09-24T19:00:00+08:00,83,0,2026-09-24T19:04:27+08:00
sm9l6v5egLq8LmDAxaD35,2026-09-24T19:00:00+08:00,54,0,2026-09-24T19:04:27+08:00
vmM6pa4n1ZoW3cjsr2i8t,2026-09-24T19:00:00+08:00,39,0,2026-09-24T19:04:27+08:00
yI42qVqT0Klxyp97GlSFv,2026-09-24T19:00:00+08:00,63,0,2026-09-24T19:04:27+08:00
zz7zliifcVF7RjIBrHrWW,2026-09-24T19:00:00+08:00,57,0,2026-09-24T19:04:27+08:00
7pUkepD2XsWDHOO92bNyP,2026-09-24T19:15:00+08:00,48,0,2026-09-24T19:22:44+08:00
AosIo96hMLnNe4cZ5LESn,2026-09-24T19:15:00+08:00,53,0,2026-09-24T19:22:44+08:00
CdGlAWLw4cIllzFlL2be0,2026-09-24T19:15:00+08:00,67,0,2026-09-24T19:22:44+08:00
EcBGtBDRSadwhso2WV0Tk,2026-09-24T19:15:00+08:00,67,0,2026-09-24T19:22:44+08:00
FOoCS3RzGgcLYcRzdOFV1,2026-09-24T19:15:00+08:00,54,0,2026-09-24T19:22:44+08:00
FrQe2ueU3hIaPAAh8snYW,2026-09-24T19:15:00+08:00,65,0,2026-09-24T19:22:44+08:00
L6PijvT6exaVezC2I6Vvg,2026-09-24T19:15:00+08:00,62,0,2026-09-24T19:22:44+08:00
LH8LXZ2I67YVHplh5HTUG,2026-09-24T19:15:00+08:00,34,0,2026-09-24T19:22:44+08:00
NxxWCKb2ITT7AZNRJr62i,2026-09-24T19:15:00+08:00,35,0,2026-09-24T19:22:44+08:00
O0tD3rcKdjI7dYB4ynfr9,2026-09-24T19:15:00+08:00,58,0,2026-09-24T19:22:44+08:00
O8i7stfNTU2DydWZdkUIo,2026-09-24T19:15:00+08:00,47,0,2026-09-24T19:22:44+08:00
RF0gfHIWDuNybfYfPOZgU,2026-09-24T19:15:00+08:00,82,0,2026-09-24T19:22:44+08:00
TAmdBcFXigZ5kPnh97Qju,2026-09-24T19:15:00+08:00,65,0,2026-09-24T19:22:44+08:00
Vg6a1NAMJ9yjL5wmJ4ZnS,2026-09-24T19:15:00+08:00,70,0,2026-09-24T19:22:44+08:00
XE4W6nShDirkLifR7aY2H,2026-09-24T19:15:00+08:00,33,0,2026-09-24T19:22:44+08:00
XcptrxSXxwEMzzOdhC4e8,2026-09-24T19:15:00+08:00,60,0,2026-09-24T19:22:44+08:00
gWsom5XND7y31xUHffKIx,2026-09-24T19:15:00+08:00,28,0,2026-09-24T19:22:44+08:00
hU7dxBlZvxIP6xF1sBF4g,2026-09-24T19:15:00+08:00,78,0,2026-09-24T19:22:44+08:00
jURxKTJdKAknCAn3BdZBu,2026-09-24T19:15:00+08:00,36,0,2026-09-24T19:22:44+08:00
kWpNPgv8vJ7oY5hM0EGBj,2026-09-24T19:15:00+08:00,73,0,2026-09-24T19:22:44+08:00
kvKdTkljhfoINMtsxkLwR,2026-09-24T19:15:00+08:00,56,0,2026-09-24T19:22:44+08:00
lGqA6LMJhSPHrUSA9gCBW,2026-09-24T19:15:00+08:00,73,0,2026-09-24T19:22:44+08:00
mTU4h0cnQo7ZfHBye4laR,2026-09-24T19:15:00+08:00,78,0,2026-09-24T19:22:44+08:00
oGyEo8DlMkhqGwHAHyrX2,2026-09-24T19:15:00+08:00,82,0,2026-09-24T19:22:44+08:00
qBwKt6mp7ouMiEuoQHyrX,2026-09-24T19:15:00+08:00,60,0,2026-09-24T19:22:44+08:00
rSfmQ2HygLUCIJZ4YBXhZ,2026-09-24T19:15:00+08:00,91,0,2026-09-24T19:22:44+08:00
sm9l6v5egLq8LmDAxaD35,2026-09-24T19:15:00+08:00,57,0,2026-09-24T19:22:44+08:00
vmM6pa4n1ZoW3cjsr2i8t,2026-09-24T19:15:00+08:00,39,0,2026-09-24T19:22:44+08:00
yI42qVqT0Klxyp97GlSFv,2026-09-24T19:15:00+08:00,63,0,2026-09-24T19:22:44+08:00
zz7zliifcVF7RjIBrHrWW,2026-09-24T19:15:00+08:00,40,0,2026-09-24T19:22:44+08:00
7pUkepD2XsWDHOO92bNyP,2026-09-24T19:45:00+08:00,72,0,2026-09-24T19:45:10+08:00
AosIo96hMLnNe4cZ5LESn,2026-09-24T19:45:00+08:00,49,0,2026-09-24T19:45:10+08:00
CdGlAWLw4cIllzFlL2be0,2026-09-24T19:45:00+08:00,62,0,2026-09-24T19:45:10+08:00
EcBGtBDRSadwhso2WV0Tk,2026-09-24T19:45:00+08:00,87,0,2026-09-24T19:45:10+08:00
FOoCS3RzGgcLYcRzdOFV1,2026-09-24T19:45:00+08:00,47,0,2026-09-24T19:45:10+08:00
FrQe2ueU3hIaPAAh8snYW,2026-09-24T19:45:00+08:00,65,0,2026-09-24T19:45:10+08:00
L6PijvT6exaVezC2I6Vvg,2026-09-24T19:45:00+08:00,65,0,2026-09-24T19:45:10+08:00
LH8LXZ2I67YVHplh5HTUG,2026-09-24T19:45:00+08:00,37,0,2026-09-24T19:45:10+08:00
NxxWCKb2ITT7AZNRJr62i,2026-09-24T19:45:00+08:00,35,0,2026-09-24T19:45:10+08:00
O0tD3rcKdjI7dYB4ynfr9,2026-09-24T19:45:00+08:00,48,0,2026-09-24T19:45:10+08:00
O8i7stfNTU2DydWZdkUIo,2026-09-24T19:45:00+08:00,50,0,2026-09-24T19:45:10+08:00
RF0gfHIWDuNybfYfPOZgU,2026-09-24T19:45:00+08:00,86,0,2026-09-24T19:45:10+08:00
TAmdBcFXigZ5kPnh97Qju,2026-09-24T19:45:00+08:00,61,0,2026-09-24T19:45:10+08:00
Vg6a1NAMJ9yjL5wmJ4ZnS,2026-09-24T19:45:00+08:00,67,0,2026-09-24T19:45:10+08:00
XE4W6nShDirkLifR7aY2H,2026-09-24T19:45:00+08:00,33,0,2026-09-24T19:45:10+08:00
XcptrxSXxwEMzzOdhC4e8,2026-09-24T19:45:00+08:00,57,0,2026-09-24T19:45:10+08:00
gWsom5XND7y31xUHffKIx,2026-09-24T19:45:00+08:00,36,0,2026-09-24T19:45:10+08:00
hU7dxBlZvxIP6xF1sBF4g,2026-09-24T19:45:00+08:00,79,0,2026-09-24T19:45:10+08:00
jURxKTJdKAknCAn3BdZBu,2026-09-24T19:45:00+08:00,38,0,2026-09-24T19:45:10+08:00
kWpNPgv8vJ7oY5hM0EGBj,2026-09-24T19:45:00+08:00,73,0,2026-09-24T19:45:10+08:00
kvKdTkljhfoINMtsxkLwR,2026-09-24T19:45:00+08:00,62,0,2026-09-24T19:45:10+08:00
lGqA6LMJhSPHrUSA9gCBW,2026-09-24T19:45:00+08:00,77,0,2026-09-24T19:45:10+08:00
mTU4h0cnQo7ZfHBye4laR,2026-09-24T19:45:00+08:00,81,0,2026-09-24T19:45:10+08:00
oGyEo8DlMkhqGwHAHyrX2,2026-09-24T19:45:00+08:00,86,0,2026-09-24T19:45:10+08:00
qBwKt6mp7ouMiEuoQHyrX,2026-09-24T19:45:00+08:00,63,0,2026-09-24T19:45:10+08:00
rSfmQ2HygLUCIJZ4YBXhZ,2026-09-24T19:45:00+08:00,89,0,2026-09-24T19:45:10+08:00
sm9l6v5egLq8LmDAxaD35,2026-09-24T19:45:00+08:00,53,0,2026-09-24T19:45:10+08:00
vmM6pa4n1ZoW3cjsr2i8t,2026-09-24T19:45:00+08:00,41,0,2026-09-24T19:45:10+08:00
yI42qVqT0Klxyp97GlSFv,2026-09-24T19:45:00+08:00,68,0,2026-09-24T19:45:10+08:00
zz7zliifcVF7RjIBrHrWW,2026-09-24T19:45:00+08:00,46,0,2026-09-24T19:45:10+08:00
7pUkepD2XsWDHOO92bNyP,2026-09-24T20:00:00+08:00,77,0,2026-09-24T20:12:44+08:00
AosIo96hMLnNe4cZ5LESn,2026-09-24T20:00:00+08:00,43,0,2026-09-24T20:12:44+08:00
CdGlAWLw4cIllzFlL2be0,2026-09-24T20:00:00+08:00,66,0,2026-09-24T20:12:44+08:00
EcBGtBDRSadwhso2WV0Tk,2026-09-24T20:00:00+08:00,72,0,2026-09-24T20:12:44+08:00
FOoCS3RzGgcLYcRzdOFV1,2026-09-24T20:00:00+08:00,51,0,2026-09-24T20:12:44+08:00
FrQe2ueU3hIaPAAh8snYW,2026-09-24T20:00:00+08:00,65,0,2026-09-24T20:12:44+08:00
L6PijvT6exaVezC2I6Vvg,2026-09-24T20:00:00+08:00,67,0,2026-09-24T20:12:44+08:00
LH8LXZ2I67YVHplh5HTUG,2026-09-24T20:00:00+08:00,39,0,2026-09-24T20:12:44+08:00
NxxWCKb2ITT7AZNRJr62i,2026-09-24T20:00:00+08:00,35,0,2026-09-24T20:12:44+08:00
O0tD3rcKdjI7dYB4ynfr9,2026-09-24T20:00:00+08:00,50,0,2026-09-24T20:12:44+08:00
O8i7stfNTU2DydWZdkUIo,2026-09-24T20:00:00+08:00,46,0,2026-09-24T20:12:44+08:00
RF0gfHIWDuNybfYfPOZgU,2026-09-24T20:00:00+08:00,88,0,2026-09-24T20:12:44+08:00
TAmdBcFXigZ5kPnh97Qju,2026-09-24T20:00:00+08:00,55,0,2026-09-24T20:12:44+08:00
Vg6a1NAMJ9yjL5wmJ4ZnS,2026-09-24T20:00:00+08:00,63,0,2026-09-24T20:12:44+08:00
XE4W6nShDirkLifR7aY2H,2026-09-24T20:00:00+08:00,27,0,2026-09-24T20:12:44+08:00
XcptrxSXxwEMzzOdhC4e8,2026-09-24T20:00:00+08:00,65,0,2026-09-24T20:12:44+08:00
gWsom5XND7y31xUHffKIx,2026-09-24T20:00:00+08:00,33,0,2026-09-24T20:12:44+08:00
hU7dxBlZvxIP6xF1sBF4g,2026-09-24T20:00:00+08:00,82,0,2026-09-24T20:12:44+08:00
jURxKTJdKAknCAn3BdZBu,2026-09-24T20:00:00+08:00,38,0,2026-09-24T20:12:44+08:00
kWpNPgv8vJ7oY5hM0EGBj,2026-09-24T20:00:00+08:00,70,0,2026-09-24T20:12:44+08:00
kvKdTkljhfoINMtsxkLwR,2026-09-24T20:00:00+08:00,61,0,2026-09-24T20:12:44+08:00
lGqA6LMJhSPHrUSA9gCBW,2026-09-24T20:00:00+08:00,68,0,2026-09-24T20:12:44+08:00
mTU4h0cnQo7ZfHBye4laR,2026-09-24T20:00:00+08:00,76,0,2026-09-24T20:12:44+08:00
oGyEo8DlMkhqGwHAHyrX2,2026-09-24T20:00:00+08:00,78,0,2026-09-24T20:12:44+08:00
qBwKt6mp7ouMiEuoQHyrX,2026-09-24T20:00:00+08:00,56,0,2026-09-24T20:12:44+08:00
rSfmQ2HygLUCIJZ4YBXhZ,2026-09-24T20:00:00+08:00,92,0,2026-09-24T20:12:44+08:00
sm9l6v5egLq8LmDAxaD35,2026-09-24T20:00:00+08:00,51,0,2026-09-24T20:12:44+08:00
vmM6pa4n1ZoW3cjsr2i8t,2026-09-24T20:00:00+08:00,39,0,2026-09-24T20:12:44+08:00
yI42qVqT0Klxyp97GlSFv,2026-09-24T20:00:00+08:00,45,0,2026-09-24T20:12:44+08:00
zz7zliifcVF7RjIBrHrWW,2026-09-24T20:00:00+08:00,42,0,2026-09-24T20:12:44+08:00
7pUkepD2XsWDHOO92bNyP,2026-09-24T20:30:00+08:00,71,0,2026-09-24T20:34:17+08:00
AosIo96hMLnNe4cZ5LESn,2026-09-24T20:30:00+08:00,43,0,2026-09-24T20:34:17+08:00
CdGlAWLw4cIllzFlL2be0,2026-09-24T20:30:00+08:00,63,0,2026-09-24T20:34:17+08:00
EcBGtBDRSadwhso2WV0Tk,2026-09-24T20:30:00+08:00,75,0,2026-09-24T20:34:17+08:00
FOoCS3RzGgcLYcRzdOFV1,2026-09-24T20:30:00+08:00,51,0,2026-09-24T20:34:17+08:00
FrQe2ueU3hIaPAAh8snYW,2026-09-24T20:30:00+08:00,69,0,2026-09-24T20:34:17+08:00
L6PijvT6exaVezC2I6Vvg,2026-09-24T20:30:00+08:00,45,0,2026-09-24T20:34:17+08:00
LH8LXZ2I67YVHplh5HTUG,2026-09-24T20:30:00+08:00,37,0,2026-09-24T20:34:17+08:00
NxxWCKb2ITT7AZNRJr62i,2026-09-24T20:30:00+08:00,35,0,2026-09-24T20:34:17+08:00
O0tD3rcKdjI7dYB4ynfr9,2026-09-24T20:30:00+08:00,50,0,2026-09-24T20:34:17+08:00
O8i7stfNTU2DydWZdkUIo,2026-09-24T20:30:00+08:00,38,0,2026-09-24T20:34:17+08:00
RF0gfHIWDuNybfYfPOZgU,2026-09-24T20:30:00+08:00,76,0,2026-09-24T20:34:17+08:00
TAmdBcFXigZ5kPnh97Qju,2026-09-24T20:30:00+08:00,59,0,2026-09-24T20:34:17+08:00
Vg6a1NAMJ9yjL5wmJ4ZnS,2026-09-24T20:30:00+08:00,53,0,2026-09-24T20:34:17+08:00
XE4W6nShDirkLifR7aY2H,2026-09-24T20:30:00+08:00,33,0,2026-09-24T20:34:17+08:00
XcptrxSXxwEMzzOdhC4e8,2026-09-24T20:30:00+08:00,65,0,2026-09-24T20:34:17+08:00
gWsom5XND7y31xUHffKIx,2026-09-24T20:30:00+08:00,33,0,2026-09-24T20:34:17+08:00
hU7dxBlZvxIP6xF1sBF4g,2026-09-24T20:30:00+08:00,80,0,2026-09-24T20:34:17+08:00
jURxKTJdKAknCAn3BdZBu,2026-09-24T20:30:00+08:00,34,0,2026-09-24T20:34:17+08:00
kWpNPgv8vJ7oY5hM0EGBj,2026-09-24T20:30:00+08:00,66,0,2026-09-24T20:34:17+08:00
kvKdTkljhfoINMtsxkLwR,2026-09-24T20:30:00+08:00,59,0,2026-09-24T20:34:17+08:00
lGqA6LMJhSPHrUSA9gCBW,2026-09-24T20:30:00+08:00,77,0,2026-09-24T20:34:17+08:00
mTU4h0cnQo7ZfHBye4laR,2026-09-24T20:30:00+08:00,75,0,2026-09-24T20:34:17+08:00
oGyEo8DlMkhqGwHAHyrX2,2026-09-24T20:30:00+08:00,80,0,2026-09-24T20:34:17+08:00
qBwKt6mp7ouMiEuoQHyrX,2026-09-24T20:30:00+08:00,56,0,2026-09-24T20:34:17+08:00
rSfmQ2HygLUCIJZ4YBXhZ,2026-09-24T20:30:00+08:00,89,0,2026-09-24T20:34:17+08:00
sm9l6v5egLq8LmDAxaD35,2026-09-24T20:30:00+08:00,50,0,2026-09-24T20:34:17+08:00
vmM6pa4n1ZoW3cjsr2i8t,2026-09-24T20:30:00+08:00,40,0,2026-09-24T20:34:17+08:00
yI42qVqT0Klxyp97GlSFv,2026-09-24T20:30:00+08:00,43,0,2026-09-24T20:34:17+08:00
zz7zliifcVF7RjIBrHrWW,2026-09-24T20:30:00+08:00,55,0,2026-09-24T20:34:17+08:00
7pUkepD2XsWDHOO92bNyP,2026-09-24T20:45:00+08:00,65,0,2026-09-24T20:56:40+08:00
AosIo96hMLnNe4cZ5LESn,2026-09-24T20:45:00+08:00,37,0,2026-09-24T20:56:40+08:00
CdGlAWLw4cIllzFlL2be0,2026-09-24T20:45:00+08:00,56,0,2026-09-24T20:56:40+08:00
EcBGtBDRSadwhso2WV0Tk,2026-09-24T20:45:00+08:00,67,0,2026-09-24T20:56:40+08:00
FOoCS3RzGgcLYcRzdOFV1,2026-09-24T20:45:00+08:00,50,0,2026-09-24T20:56:40+08:00
FrQe2ueU3hIaPAAh8snYW,2026-09-24T20:45:00+08:00,47,0,2026-09-24T20:56:40+08:00
L6PijvT6exaVezC2I6Vvg,2026-09-24T20:45:00+08:00,43,0,2026-09-24T20:56:40+08:00
LH8LXZ2I67YVHplh5HTUG,2026-09-24T20:45:00+08:00,36,0,2026-09-24T20:56:40+08:00
NxxWCKb2ITT7AZNRJr62i,2026-09-24T20:45:00+08:00,35,0,2026-09-24T20:56:40+08:00
O0tD3rcKdjI7dYB4ynfr9,2026-09-24T20:45:00+08:00,45,0,2026-09-24T20:56:40+08:00
O8i7stfNTU2DydWZdkUIo,2026-09-24T20:45:00+08:00,36,0,2026-09-24T20:56:40+08:00
RF0gfHIWDuNybfYfPOZgU,2026-09-24T20:45:00+08:00,80,0,2026-09-24T20:56:40+08:00
TAmdBcFXigZ5kPnh97Qju,2026-09-24T20:45:00+08:00,64,0,2026-09-24T20:56:40+08:00
Vg6a1NAMJ9yjL5wmJ4ZnS,2026-09-24T20:45:00+08:00,53,0,2026-09-24T20:56:40+08:00
XE4W6nShDirkLifR7aY2H,2026-09-24T20:45:00+08:00,31,0,2026-09-24T20:56:40+08:00
XcptrxSXxwEMzzOdhC4e8,2026-09-24T20:45:00+08:00,65,0,2026-09-24T20:56:40+08:00
gWsom5XND7y31xUHffKIx,2026-09-24T20:45:00+08:00,24,0,2026-09-24T20:56:40+08:00
hU7dxBlZvxIP6xF1sBF4g,2026-09-24T20:45:00+08:00,85,0,2026-09-24T20:56:40+08:00
jURxKTJdKAknCAn3BdZBu,2026-09-24T20:45:00+08:00,36,0,2026-09-24T20:56:40+08:00
kWpNPgv8vJ7oY5hM0EGBj,2026-09-24T20:45:00+08:00,65,0,2026-09-24T20:56:40+08:00
kvKdTkljhfoINMtsxkLwR,2026-09-24T20:45:00+08:00,52,0,2026-09-24T20:56:40+08:00
lGqA6LMJhSPHrUSA9gCBW,2026-09-24T20:45:00+08:00,77,0,2026-09-24T20:56:40+08:00
mTU4h0cnQo7ZfHBye4laR,2026-09-24T20:45:00+08:00,71,0,2026-09-24T20:56:40+08:00
oGyEo8DlMkhqGwHAHyrX2,2026-09-24T20:45:00+08:00,77,0,2026-09-24T20:56:40+08:00
qBwKt6mp7ouMiEuoQHyrX,2026-09-24T20:45:00+08:00,55,0,2026-09-24T20:56:40+08:00
rSfmQ2HygLUCIJZ4YBXhZ,2026-09-24T20:45:00+08:00,91,0,2026-09-24T20:56:40+08:00
sm9l6v5egLq8LmDAxaD35,2026-09-24T20:45:00+08:00,51,0,2026-09-24T20:56:40+08:00
vmM6pa4n1ZoW3cjsr2i8t,2026-09-24T20:45:00+08:00,36,0,2026-09-24T20:56:40+08:00
yI42qVqT0Klxyp97GlSFv,2026-09-24T20:45:00+08:00,40,0,2026-09-24T20:56:40+08:00
zz7zliifcVF7RjIBrHrWW,2026-09-24T20:45:00+08:00,43,0,2026-09-24T20:56:40+08:00
7pUkepD2XsWDHOO92bNyP,2026-09-24T21:15:00+08:00,34,0,2026-09-24T21:17:36+08:00
AosIo96hMLnNe4cZ5LESn,2026-09-24T21:15:00+08:00,36,0,2026-09-24T21:17:36+08:00
CdGlAWLw4cIllzFlL2be0,2026-09-24T21:15:00+08:00,49,0,2026-09-24T21:17:36+08:00
EcBGtBDRSadwhso2WV0Tk,2026-09-24T21:15:00+08:00,59,0,2026-09-24T21:17:36+08:00
FOoCS3RzGgcLYcRzdOFV1,2026-09-24T21:15:00+08:00,47,0,2026-09-24T21:17:36+08:00
FrQe2ueU3hIaPAAh8snYW,2026-09-24T21:15:00+08:00,47,0,2026-09-24T21:17:36+08:00
L6PijvT6exaVezC2I6Vvg,2026-09-24T21:15:00+08:00,41,0,2026-09-24T21:17:36+08:00
LH8LXZ2I67YVHplh5HTUG,2026-09-24T21:15:00+08:00,36,0,2026-09-24T21:17:36+08:00
NxxWCKb2ITT7AZNRJr62i,2026-09-24T21:15:00+08:00,35,0,2026-09-24T21:17:36+08:00
O0tD3rcKdjI7dYB4ynfr9,2026-09-24T21:15:00+08:00,55,0,2026-09-24T21:17:36+08:00
O8i7stfNTU2DydWZdkUIo,2026-09-24T21:15:00+08:00,32,0,2026-09-24T21:17:36+08:00
RF0gfHIWDuNybfYfPOZgU,2026-09-24T21:15:00+08:00,55,0,2026-09-24T21:17:36+08:00
TAmdBcFXigZ5kPnh97Qju,2026-09-24T21:15:00+08:00,60,0,2026-09-24T21:17:36+08:00
Vg6a1NAMJ9yjL5wmJ4ZnS,2026-09-24T21:15:00+08:00,53,0,2026-09-24T21:17:36+08:00
XE4W6nShDirkLifR7aY2H,2026-09-24T21:15:00+08:00,33,0,2026-09-24T21:17:36+08:00
XcptrxSXxwEMzzOdhC4e8,2026-09-24T21:15:00+08:00,53,0,2026-09-24T21:17:36+08:00
gWsom5XND7y31xUHffKIx,2026-09-24T21:15:00+08:00,25,0,2026-09-24T21:17:36+08:00
hU7dxBlZvxIP6xF1sBF4g,2026-09-24T21:15:00+08:00,83,0,2026-09-24T21:17:36+08:00
jURxKTJdKAknCAn3BdZBu,2026-09-24T21:15:00+08:00,31,0,2026-09-24T21:17:36+08:00
kWpNPgv8vJ7oY5hM0EGBj,2026-09-24T21:15:00+08:00,62,0,2026-09-24T21:17:36+08:00
kvKdTkljhfoINMtsxkLwR,2026-09-24T21:15:00+08:00,48,0,2026-09-24T21:17:36+08:00
lGqA6LMJhSPHrUSA9gCBW,2026-09-24T21:15:00+08:00,64,0,2026-09-24T21:17:36+08:00
mTU4h0cnQo7ZfHBye4laR,2026-09-24T21:15:00+08:00,61,0,2026-09-24T21:17:36+08:00
oGyEo8DlMkhqGwHAHyrX2,2026-09-24T21:15:00+08:00,79,0,2026-09-24T21:17:36+08:00
qBwKt6mp7ouMiEuoQHyrX,2026-09-24T21:15:00+08:00,47,0,2026-09-24T21:17:36+08:00
rSfmQ2HygLUCIJZ4YBXhZ,2026-09-24T21:15:00+08:00,92,0,2026-09-24T21:17:36+08:00
sm9l6v5egLq8LmDAxaD35,2026-09-24T21:15:00+08:00,52,0,2026-09-24T21:17:36+08:00
vmM6pa4n1ZoW3cjsr2i8t,2026-09-24T21:15:00+08:00,33,0,2026-09-24T21:17:36+08:00
yI42qVqT0Klxyp97GlSFv,2026-09-24T21:15:00+08:00,40,0,2026-09-24T21:17:36+08:00
zz7zliifcVF7RjIBrHrWW,2026-09-24T21:15:00+08:00,37,0,2026-09-24T21:17:36+08:00
7pUkepD2XsWDHOO92bNyP,2026-09-24T21:30:00+08:00,0,0,2026-09-24T21:44:51+08:00
AosIo96hMLnNe4cZ5LESn,2026-09-24T21:30:00+08:00,0,0,2026-09-24T21:44:51+08:00
CdGlAWLw4cIllzFlL2be0,2026-09-24T21:30:00+08:00,47,0,2026-09-24T21:44:51+08:00
EcBGtBDRSadwhso2WV0Tk,2026-09-24T21:30:00+08:00,0,0,2026-09-24T21:44:51+08:00
FOoCS3RzGgcLYcRzdOFV1,2026-09-24T21:30:00+08:00,47,0,2026-09-24T21:44:51+08:00
FrQe2ueU3hIaPAAh8snYW,2026-09-24T21:30:00+08:00,30,0,2026-09-24T21:44:51+08:00
L6PijvT6exaVezC2I6Vvg,2026-09-24T21:30:00+08:00,23,0,2026-09-24T21:44:51+08:00
LH8LXZ2I67YVHplh5HTUG,2026-09-24T21:30:00+08:00,30,0,2026-09-24T21:44:51+08:00
NxxWCKb2ITT7AZNRJr62i,2026-09-24T21:30:00+08:00,35,0,2026-09-24T21:44:51+08:00
O0tD3rcKdjI7dYB4ynfr9,2026-09-24T21:30:00+08:00,45,0,2026-09-24T21:44:51+08:00
O8i7stfNTU2DydWZdkUIo,2026-09-24T21:30:00+08:00,0,0,2026-09-24T21:44:51+08:00
RF0gfHIWDuNybfYfPOZgU,2026-09-24T21:30:00+08:00,46,0,2026-09-24T21:44:51+08:00
TAmdBcFXigZ5kPnh97Qju,2026-09-24T21:30:00+08:00,35,0,2026-09-24T21:44:51+08:00
Vg6a1NAMJ9yjL5wmJ4ZnS,2026-09-24T21:30:00+08:00,30,0,2026-09-24T21:44:51+08:00
XE4W6nShDirkLifR7aY2H,2026-09-24T21:30:00+08:00,22,0,2026-09-24T21:44:51+08:00
XcptrxSXxwEMzzOdhC4e8,2026-09-24T21:30:00+08:00,33,0,2026-09-24T21:44:51+08:00
gWsom5XND7y31xUHffKIx,2026-09-24T21:30:00+08:00,25,0,2026-09-24T21:44:51+08:00
hU7dxBlZvxIP6xF1sBF4g,2026-09-24T21:30:00+08:00,80,0,2026-09-24T21:44:51+08:00
jURxKTJdKAknCAn3BdZBu,2026-09-24T21:30:00+08:00,22,0,2026-09-24T21:44:51+08:00
kWpNPgv8vJ7oY5hM0EGBj,2026-09-24T21:30:00+08:00,43,0,2026-09-24T21:44:51+08:00
kvKdTkljhfoINMtsxkLwR,2026-09-24T21:30:00+08:00,36,0,2026-09-24T21:44:51+08:00
lGqA6LMJhSPHrUSA9gCBW,2026-09-24T21:30:00+08:00,31,0,2026-09-24T21:44:51+08:00
mTU4h0cnQo7ZfHBye4laR,2026-09-24T21:30:00+08:00,28,0,2026-09-24T21:44:51+08:00
oGyEo8DlMkhqGwHAHyrX2,2026-09-24T21:30:00+08:00,53,0,2026-09-24T21:44:51+08:00
qBwKt6mp7ouMiEuoQHyrX,2026-09-24T21:30:00+08:00,21,0,2026-09-24T21:44:51+08:00
rSfmQ2HygLUCIJZ4YBXhZ,2026-09-24T21:30:00+08:00,0,0,2026-09-24T21:44:51+08:00
sm9l6v5egLq8LmDAxaD35,2026-09-24T21:30:00+08:00,39,0,2026-09-24T21:44:51+08:00
vmM6pa4n1ZoW3cjsr2i8t,2026-09-24T21:30:00+08:00,0,0,2026-09-24T21:44:51+08:00
yI42qVqT0Klxyp97GlSFv,2026-09-24T21:30:00+08:00,40,0,2026-09-24T21:44:51+08:00
zz7zliifcVF7RjIBrHrWW,2026-09-24T21:30:00+08:00,28,0,2026-09-24T21:44:51+08:00
